Likelihood that Jet is Background,Likelihood that Jet is Signal,background/signal,pT GeV,mass GeV,width,ptD,#of constituents
0,1,1,107.828,5.639,0.043,0.298,22
1.43E-11,1,1,26.127,0.228,0.007,0.369,8
6.23E-12,1,1,23.656,1.327,0.048,0.319,11
7.39E-33,1,1,80.901,4.849,0.058,0.238,20
1.37E-30,1,1,67.367,9.128,0.089,0.235,23
1.21E-11,1,1,22.597,1.486,0.053,0.315,11
1.38E-13,1,1,25.554,2.24,0.082,0.273,14
1.80E-27,1,1,69.001,3.486,0.048,0.298,15
2.45E-13,1,1,25.346,1.482,0.056,0.278,14
7.25E-19,1,1,39.84,2.529,0.024,0.244,17
4.01E-35,1,1,90.998,4.93,0.05,0.298,17
2.89E-11,1,1,21.3,1.554,0.073,0.305,11
7.91E-30,1,1,69.674,5.362,0.072,0.228,21
5.50E-09,1,1,20.049,0.625,0.016,0.494,5
2.92E-22,1,1,54.628,2.442,0.041,0.342,13
1.62E-18,1,1,41.488,2.494,0.052,0.276,14
1.33E-12,1,1,25.748,1.472,0.056,0.305,11
3.84E-22,1,1,57.414,1.948,0.022,0.38,10
3.96E-17,1,1,40.11,1.976,0.046,0.336,11
4.69E-12,1,1,21.331,0.121,0.004,0.258,15
1.07E-20,1,1,50.607,2.246,0.03,0.356,12
4.04E-17,1,1,34.438,2.05,0.05,0.281,17
3.12E-12,1,1,25.731,1.112,0.042,0.336,10
8.35E-13,1,1,26.353,1.532,0.056,0.31,11
1.34E-35,1,1,86.371,4.489,0.035,0.251,24
2.76E-16,1,0,32.512,2.247,0.061,0.264,16
1.50E-35,1,1,93.263,5.019,0.048,0.305,16
4.57E-14,1,1,26.997,2.399,0.082,0.279,14
3.30E-15,1,1,31.974,0.842,0.017,0.282,14
5.66E-29,1,1,70.208,4.653,0.055,0.278,18
5.05E-11,1,1,23.835,0.842,0.028,0.378,8
1.13E-15,1,1,33.859,0.384,0.007,0.278,14
9.68E-15,1,1,35.419,0.373,0.009,0.369,9
0,1,1,133.781,11.466,0.078,0.204,31
3.87E-21,1,1,49.047,2.575,0.048,0.278,15
1.28E-27,1,1,69.725,3.111,0.032,0.35,15
7.24E-14,1,1,28.72,2.865,0.089,0.352,11
2.54E-24,1,1,58.815,3.37,0.053,0.289,15
6.38E-16,1,1,29.015,2.798,0.09,0.246,18
3.65E-17,1,1,38.063,2.392,0.061,0.291,13
7.85E-16,1,1,34.914,2.03,0.05,0.315,12
1.17E-37,1,1,86.372,8.325,0.08,0.233,28
1.41E-13,1,1,27.996,0.313,0.006,0.292,13
2.25E-14,1,1,32.62,1.252,0.025,0.347,10
1.06E-11,1,1,23.256,2.046,0.084,0.318,10
1.02E-17,1,1,42.674,0.015,0,0.306,12
0,1,1,106.604,6.8,0.059,0.25,23
1.01E-10,1,1,22.748,0.98,0.042,0.369,8
9.68E-21,1,1,47.685,2.638,0.05,0.287,15
3.33E-25,1,1,60.649,3.512,0.052,0.284,16
3.28E-11,1,1,22.569,0.903,0.034,0.329,10
1.53E-18,1,1,44.651,2.092,0.044,0.327,11
3.27E-14,1,1,29.006,1.655,0.05,0.283,13
0,1,1,140.23,7.716,0.048,0.281,19
4.68E-38,1,1,99.21,5.537,0.052,0.261,18
5.31E-17,1,1,41.907,1.523,0.029,0.364,9
3.14E-26,1,1,67.728,2.29,0.028,0.329,13
1.97E-14,1,1,34.602,0.125,0.003,0.372,9
1.69E-14,1,1,29.885,1.73,0.057,0.28,13
2.73E-12,1,1,27.305,0.533,0.014,0.355,9
0,1,1,96.554,9.804,0.09,0.194,35
1.72E-25,1,1,61.808,3.24,0.048,0.275,16
6.34E-12,1,1,25.885,0.826,0.027,0.347,9
2.90E-16,1,1,32.535,3.298,0.095,0.276,15
5.05E-21,1,1,47.296,3.141,0.06,0.267,16
2.69E-22,1,1,48.638,4.348,0.087,0.255,18
2.88E-18,1,1,41.817,1.039,0.019,0.277,14
0,1,1,179.979,11.923,0.06,0.242,24
1.30E-35,1,1,79.844,8.152,0.099,0.2,28
5.46E-13,1,1,25.934,1.652,0.058,0.298,12
4.81E-19,1,1,38.408,0.287,0.007,0.228,21
1.36E-19,1,1,45.012,2.426,0.044,0.321,14
1.20E-13,1,1,32.523,0.725,0.015,0.366,8
3.18E-11,1,1,22.998,1.575,0.066,0.338,9
5.47E-31,1,1,79.182,3.968,0.043,0.298,16
3.91E-18,1,1,36.208,2.863,0.071,0.245,18
4.76E-11,1,1,21.749,1.264,0.054,0.326,10
3.73E-10,1,1,21.446,0.288,0.011,0.372,8
5.92E-12,1,1,22.776,0.207,0.006,0.292,13
5.77E-18,1,0,39.026,2.134,0.052,0.272,15
1.16E-12,1,1,25.999,1.367,0.046,0.325,11
2.80E-33,1,1,75.537,8.715,0.104,0.216,24
1.45E-22,1,1,55.506,2.628,0.039,0.323,13
5.92E-23,1,1,51.144,2.662,0.044,0.28,19
4.15E-22,1,1,55.921,2.557,0.044,0.343,11
4.70E-25,1,1,63.015,1.088,0.008,0.272,15
3.58E-26,1,1,55.712,4.306,0.073,0.235,24
2.94E-22,1,1,50.701,2.745,0.047,0.269,17
1.75E-20,1,1,41.214,3.881,0.089,0.231,20
1.14E-18,1,1,41.053,2.455,0.05,0.292,15
3.31E-18,1,1,47.897,1.171,0.015,0.46,7
7.95E-26,1,1,60.673,3.695,0.053,0.272,18
9.77E-20,1,1,40.93,2.334,0.048,0.242,19
6.18E-18,1,1,39.823,2.137,0.048,0.313,14
3.27E-10,1,1,20.045,1.126,0.046,0.346,9
2.71E-24,1,1,54.896,4.693,0.079,0.257,18
2.24E-20,1,1,47.69,2.287,0.042,0.306,14
3.19E-16,1,1,36.332,1.84,0.045,0.321,12
1.43E-20,1,1,45.976,2.923,0.057,0.279,16
1.80E-18,1,1,37.446,2.691,0.057,0.25,18
1.93E-27,1,1,57.461,4.999,0.083,0.21,26
1.50E-23,1,1,49.932,4.367,0.082,0.226,21
2.10E-12,1,1,23.207,1.501,0.061,0.288,13
1.62E-20,1,1,46.881,2.753,0.057,0.267,15
2.49E-14,1,1,30.271,1.682,0.051,0.32,12
2.09E-16,1,1,33.73,2.391,0.065,0.268,15
3.40E-10,1,1,20.676,0.238,0.01,0.371,9
1.41E-29,1,1,73.803,3.794,0.047,0.263,17
2.63E-18,1,1,43.005,1.967,0.039,0.355,12
8.55E-23,1,1,48.937,3.649,0.066,0.253,20
7.86E-16,1,1,30.601,2.8,0.077,0.255,16
7.13E-14,1,1,27.96,2.728,0.095,0.3,12
0,1,1,103.801,5.197,0.03,0.279,18
6.60E-31,1,1,71.033,5.722,0.079,0.226,23
7.81E-17,1,1,33.429,2.173,0.06,0.256,17
8.76E-13,1,1,24.447,1.511,0.058,0.284,13
1.17E-15,1,1,35.524,0.568,0.01,0.302,12
6.28E-13,1,1,25.174,1.159,0.027,0.32,13
6.93E-27,1,1,66.009,3.656,0.051,0.305,16
1.13E-21,1,1,46.04,6.214,0.097,0.311,17
2.72E-15,1,1,28.681,2.985,0.098,0.256,16
3.62E-11,1,1,20.16,0.265,0.008,0.292,13
8.53E-19,1,1,38.519,2.663,0.065,0.252,18
7.02E-16,1,1,33.387,1.817,0.047,0.288,14
5.19E-29,1,1,67.457,4.781,0.068,0.227,21
2.09E-11,1,1,23.29,0.797,0.029,0.33,10
8.92E-11,1,1,21.284,0.737,0.029,0.327,10
2.61E-31,1,1,77.842,4.653,0.048,0.278,18
1.93E-30,1,1,70.966,5.027,0.066,0.256,22
5.92E-22,1,1,50.631,2.714,0.049,0.303,16
3.84E-21,1,1,46.582,4.548,0.069,0.281,16
1.97E-13,1,1,28.409,1.524,0.052,0.314,11
1.82E-10,1,0,21.498,0.349,0.015,0.349,9
1.49E-28,1,1,61.231,6.036,0.097,0.203,25
7.57E-35,1,1,87.267,4.913,0.044,0.319,20
5.58E-29,1,1,55.964,9.756,0.16,0.196,29
1.16E-16,1,1,31.652,2.54,0.07,0.246,18
6.15E-36,1,1,74.687,11.322,0.133,0.194,32
2.34E-14,1,1,32.599,1.202,0.03,0.346,10
8.61E-11,1,1,24.147,0.64,0.021,0.406,7
8.12E-14,1,0,26.153,0.117,0.004,0.25,16
9.58E-27,1,1,66.03,3.043,0.028,0.314,16
5.13E-17,1,1,37.925,1.942,0.045,0.305,13
3.99E-17,1,1,35.901,2.622,0.054,0.278,15
3.90E-12,1,1,25.222,1.363,0.053,0.325,10
6.37E-19,1,1,41.635,2.798,0.056,0.275,15
0,1,1,155,10.147,0.053,0.273,26
6.84E-26,1,1,61.901,3.555,0.047,0.306,17
5.52E-20,1,1,50.288,2.084,0.04,0.346,10
1.68E-12,1,1,23.849,2.266,0.087,0.296,12
3.63E-29,1,1,65.637,6.554,0.08,0.241,22
2.01E-11,1,1,23.079,1.11,0.037,0.351,10
3.45E-14,1,1,31.052,0.135,0.004,0.306,12
1.46E-12,1,1,25.657,0.254,0.006,0.303,12
1.38E-16,1,1,33.796,3.065,0.067,0.275,15
4.28E-24,1,1,52.471,3.413,0.046,0.226,21
1.62E-14,1,1,25.166,4.229,0.14,0.251,16
1.24E-20,1,1,44.823,2.277,0.037,0.267,18
1.45E-17,1,1,32.316,3.062,0.089,0.231,20
0,1,1,126.978,12.136,0.091,0.203,32
6.86E-34,1,1,88.808,4.955,0.052,0.32,15
2.01E-10,1,1,21.165,0.607,0.022,0.341,9
4.26E-17,1,1,37.347,0.674,0.01,0.272,15
3.39E-18,1,1,44.052,1.323,0.018,0.396,11
8.81E-15,1,1,28.187,1.486,0.048,0.272,16
4.91E-20,1,1,47.511,2.263,0.034,0.335,13
4.80E-17,1,1,36.226,4.188,0.101,0.322,13
1.05E-14,1,1,29.026,0.156,0.004,0.251,16
7.87E-18,1,1,36.621,2.274,0.048,0.253,17
1.49E-13,1,1,28.042,1.274,0.042,0.332,12
2.05E-18,1,1,44.196,2.045,0.034,0.399,11
4.19E-32,1,1,79.351,4.85,0.057,0.266,19
4.67E-16,1,1,34.098,1.645,0.035,0.297,14
1.98E-15,1,1,34.014,0.35,0.006,0.292,13
6.56E-24,1,1,58.995,0.268,0.003,0.25,16
3.11E-17,1,1,39.537,1.979,0.044,0.314,12
7.99E-13,1,1,25.538,1.451,0.047,0.315,12
0,1,1,124.539,12.567,0.083,0.215,37
0,1,1,97.798,18.106,0.172,0.175,38
3.49E-21,1,1,46.754,3.318,0.059,0.258,17
7.29E-30,1,1,68.047,7.557,0.088,0.268,21
5.84E-20,1,1,48.18,2.306,0.034,0.329,12
5.67E-12,1,1,23.747,1.378,0.051,0.321,11
3.13E-23,1,1,53.117,3.726,0.065,0.261,17
7.51E-26,1,1,59.099,4.648,0.061,0.252,19
4.50E-21,1,1,43.904,5.298,0.101,0.253,18
8.26E-19,1,1,41.987,1.889,0.036,0.27,15
6.42E-10,1,1,21.517,0.354,0.012,0.414,7
3.21E-20,1,1,44.894,2.864,0.061,0.26,16
1.27E-33,1,1,79.287,5.273,0.055,0.263,24
2.62E-15,1,1,38.603,0.959,0.014,0.451,7
3.73E-13,1,1,29.751,1.002,0.029,0.361,9
7.90E-29,1,1,68.907,4.524,0.051,0.268,19
0,1,1,105.963,12.737,0.081,0.228,33
0,1,1,109.565,7.082,0.048,0.256,25
5.13E-10,1,1,21.817,0.375,0.013,0.414,7
3.66E-20,1,1,42.718,3.017,0.068,0.245,18
2.31E-18,1,1,41.86,2.529,0.056,0.308,13
9.73E-22,1,1,43.805,3.412,0.076,0.229,22
2.22E-29,1,1,68.785,4.59,0.06,0.252,21
4.35E-10,1,1,21.107,0.432,0.018,0.376,8
0,1,1,103.601,4.615,0.027,0.337,19
1.23E-16,1,1,36.091,1.535,0.037,0.285,14
3.21E-14,1,1,29.312,1.273,0.041,0.302,13
1.84E-25,1,1,54.672,3.897,0.063,0.218,23
1.43E-25,1,1,52.445,5.999,0.101,0.22,24
9.96E-13,1,1,23.9,1.941,0.077,0.299,13
0,1,1,99.717,8.997,0.071,0.277,24
1.05E-18,1,1,44,2.429,0.053,0.309,12
1.47E-17,1,1,41.78,0.497,0.007,0.303,12
1.39E-24,1,1,54.81,3.622,0.061,0.247,20
4.62E-18,1,1,37.995,2.671,0.05,0.268,16
2.54E-11,1,1,22.19,1.831,0.077,0.32,10
9.62E-12,1,1,25.8,0.18,0.006,0.354,9
0,1,1,122.672,8.568,0.062,0.256,24
6.00E-12,1,1,26.212,0.521,0.017,0.341,9
4.74E-20,1,1,39.543,3.023,0.071,0.226,21
7.54E-36,1,1,88.49,5.159,0.036,0.306,22
6.55E-18,1,0,40.771,2.059,0.045,0.29,13
8.23E-11,1,1,22.129,0.964,0.037,0.352,9
1.02E-24,1,1,61.658,2.573,0.029,0.304,14
1.79E-17,1,1,37.535,1.986,0.05,0.271,15
7.19E-12,1,1,25.54,1.03,0.034,0.35,9
2.59E-19,1,1,45.08,2.406,0.052,0.292,13
8.29E-17,1,1,38.793,1.138,0.014,0.336,12
7.05E-19,1,1,41.463,2.837,0.054,0.275,15
5.40E-14,1,1,27.354,5.134,0.175,0.322,11
2.56E-21,1,1,39.996,5.327,0.124,0.218,23
1.12E-29,1,1,69.284,4.007,0.046,0.246,22
3.64E-17,1,1,29.366,2.759,0.093,0.223,22
3.67E-31,1,1,79.7,4.048,0.046,0.284,16
1.83E-11,1,1,26.089,0.912,0.028,0.441,7
2.62E-10,1,1,20.61,0.806,0.025,0.361,9
3.50E-16,1,1,40.242,1.346,0.025,0.426,8
1.12E-11,1,1,23.038,1.075,0.036,0.309,11
4.75E-16,1,1,26.094,2.304,0.078,0.214,22
2.71E-11,1,1,22.619,1.176,0.051,0.327,10
8.17E-20,1,1,44.561,2.77,0.058,0.279,15
1.26E-15,1,1,33.702,1.547,0.038,0.302,13
7.65E-22,1,1,60.589,0.217,0.003,0.393,7
1.00E-10,1,1,20.81,1.108,0.05,0.328,10
1.92E-31,1,1,83.689,3.6,0.029,0.377,13
1.14E-11,1,1,25.555,1.336,0.028,0.39,8
6.35E-20,1,1,45.257,2.323,0.031,0.305,15
3.80E-14,1,1,27.75,0.626,0.013,0.269,15
6.82E-22,1,1,52.237,0.474,0.006,0.259,16
3.29E-35,1,1,84.814,6.043,0.058,0.262,23
1.22E-21,1,1,48.736,2.637,0.048,0.293,17
7.31E-36,1,1,94.48,4.804,0.051,0.271,16
2.25E-18,1,1,39.153,2.467,0.061,0.272,16
7.61E-19,1,1,42.716,2.265,0.051,0.292,14
1.88E-20,1,1,45.055,3.612,0.07,0.272,16
3.59E-14,1,1,28.17,0.195,0.006,0.267,15
3.61E-17,1,1,39.731,1.437,0.031,0.332,12
6.20E-30,1,1,74.634,4.187,0.048,0.29,17
1.08E-18,1,1,43.23,2.144,0.041,0.325,13
3.66E-17,1,1,42.24,0.61,0.009,0.338,10
3.11E-15,1,1,32.156,1.888,0.055,0.286,13
1.57E-21,1,1,46.971,3.3,0.057,0.25,18
1.79E-13,1,1,26.471,1.799,0.054,0.294,13
1.22E-14,1,1,27.758,2.645,0.086,0.265,15
1.17E-21,1,1,49.422,3.07,0.06,0.274,16
1.06E-14,1,1,32.385,0.57,0.012,0.305,12
7.81E-28,1,1,72.092,3.39,0.038,0.35,13
2.49E-13,1,1,27.198,1.462,0.05,0.3,12
1.24E-31,1,1,81.089,4.227,0.05,0.287,16
3.48E-12,1,1,23.632,0.075,0.002,0.292,13
3.30E-21,1,1,45.346,2.833,0.056,0.24,19
1.59E-36,1,1,78.121,6.966,0.082,0.181,34
1.66E-34,1,1,83.171,5.217,0.056,0.246,23
3.58E-24,1,1,53.76,3.253,0.056,0.243,20
2.43E-25,1,1,60.365,3.176,0.039,0.336,17
9.73E-28,1,1,72.35,2.661,0.023,0.351,13
3.13E-18,1,1,40.227,0.545,0.013,0.251,16
1.31E-28,1,1,66.347,4.505,0.066,0.232,21
1.85E-13,1,0,25.836,0.215,0.006,0.265,15
3.54E-11,1,1,24.336,0.848,0.029,0.374,8
9.08E-10,1,1,20.697,0.785,0.032,0.396,7
1.46E-14,1,1,34.121,0.14,0.003,0.329,10
8.84E-14,1,1,26.026,0.127,0.003,0.25,16
4.64E-19,1,1,42.275,2.547,0.057,0.275,15
4.52E-10,1,1,20.159,0.414,0.015,0.348,9
7.69E-22,1,1,47.59,2.62,0.043,0.237,19
3.31E-19,1,1,41.083,2.314,0.048,0.254,17
2.94E-19,1,1,48.062,1.886,0.03,0.358,10
1.37E-12,1,1,26.554,0.38,0.01,0.325,11
3.70E-13,1,1,26.224,1.985,0.072,0.294,12
5.59E-23,1,1,49.291,5.197,0.067,0.255,19
1.11E-11,1,1,26.539,0.151,0.005,0.368,8
2.28E-12,1,1,26.69,1.62,0.04,0.37,9
1.14E-26,1,1,59.294,4.219,0.064,0.235,22
3.07E-10,1,1,21.278,0.818,0.035,0.384,8
4.91E-21,1,1,44.166,3.588,0.071,0.26,19
1.93E-17,1,1,34.667,3.126,0.079,0.252,17
2.39E-35,1,1,83.123,6.442,0.071,0.213,25
4.58E-14,1,1,27.691,0.365,0.006,0.27,15
1.67E-25,1,1,55.225,4.559,0.076,0.225,22
1.17E-12,1,1,24.794,1.715,0.063,0.308,12
3.66E-19,1,1,41.489,2.789,0.06,0.269,16
0,1,1,140.208,11.188,0.066,0.225,30
1.68E-12,1,1,26.425,1.359,0.043,0.329,10
1.23E-14,1,1,29.97,2.179,0.07,0.284,13
3.37E-35,1,1,83.871,6.023,0.065,0.243,24
1.61E-25,1,1,60.841,3.369,0.047,0.295,17
2.51E-34,1,1,78.036,6.273,0.066,0.219,27
8.64E-20,1,1,39.165,3.608,0.083,0.232,20
1.46E-10,1,1,20.286,1.106,0.038,0.332,10
5.72E-32,1,1,82.363,3.911,0.04,0.356,16
8.73E-14,1,1,29.763,1.258,0.041,0.323,11
6.58E-16,1,1,36.39,1.626,0.033,0.349,11
1.54E-34,1,1,84.348,4.988,0.05,0.29,22
4.03E-11,1,1,22.076,1.145,0.051,0.329,10
8.81E-12,1,1,25.416,0.802,0.022,0.369,9
0,1,1,105.868,4.264,0.032,0.376,14
5.58E-12,1,1,23.011,0.014,0,0.293,13
2.86E-16,1,1,31.302,2.535,0.078,0.248,17
2.93E-24,1,1,52.229,4.368,0.075,0.245,21
3.37E-13,1,1,29.471,1.538,0.051,0.355,9
4.06E-24,1,1,57.449,3.035,0.044,0.307,16
2.30E-16,1,1,36.419,2.341,0.062,0.301,12
2.93E-16,1,1,33.945,2.676,0.079,0.284,14
1.00E-11,1,1,22.043,0.187,0.005,0.292,13
2.94E-23,1,1,48.917,4.439,0.085,0.226,21
6.03E-13,1,1,29.706,1.364,0.044,0.371,8
1.83E-11,1,0,22.07,0.249,0.007,0.305,12
3.02E-16,1,1,35.04,2.441,0.053,0.288,13
3.50E-13,1,1,25.952,1.27,0.032,0.288,13
0,1,1,90.978,7.088,0.069,0.227,28
1.06E-17,1,1,38.217,2.064,0.037,0.287,15
1.89E-32,1,1,84.549,4.387,0.042,0.322,15
1.14E-22,1,1,51.564,3.374,0.061,0.256,17
1.04E-16,1,1,37.971,1.791,0.042,0.311,12
1.53E-14,1,1,29.074,1.741,0.054,0.284,14
0,1,1,166.319,9.815,0.054,0.243,23
1.91E-11,1,1,23.076,1.215,0.045,0.34,10
2.93E-10,1,1,20.804,0.376,0.016,0.347,9
2.49E-18,1,1,42.005,2.158,0.042,0.346,13
1.09E-15,1,1,31.846,1.79,0.047,0.281,15
0,1,1,114.638,12.43,0.096,0.211,30
2.41E-13,1,1,27.379,1.281,0.046,0.306,12
1.52E-13,1,1,26.233,1.23,0.028,0.286,14
1.12E-09,1,1,21.694,0.249,0.009,0.466,6
9.74E-12,1,1,24.059,1.183,0.048,0.332,10
2.59E-12,1,1,25.817,0.173,0.003,0.328,11
6.02E-12,1,1,24.172,0.736,0.024,0.326,11
1.74E-11,1,1,20.417,0.089,0.003,0.279,14
0,1,1,114.524,6.853,0.056,0.242,22
1.88E-18,1,1,45.44,1.817,0.03,0.398,10
2.49E-34,1,1,82.972,4.652,0.036,0.313,23
1.02E-18,1,1,38.156,2.788,0.068,0.259,18
1.36E-25,1,1,61.602,3.949,0.056,0.271,16
1.16E-17,1,1,33.619,2.996,0.083,0.237,19
0,1,1,104.055,5.447,0.043,0.323,17
6.80E-14,1,1,26.442,0.069,0.003,0.25,16
5.35E-16,1,1,39.612,0.279,0.004,0.361,9
0,1,1,240.701,15.071,0.052,0.288,30
1.14E-19,1,1,39.697,3.596,0.085,0.25,19
1.66E-11,1,1,22.143,0.324,0.012,0.305,12
7.39E-18,1,1,42.317,2.204,0.046,0.335,11
2.16E-13,1,1,27.701,1.086,0.035,0.302,12
4.02E-13,1,1,24.765,1.33,0.045,0.279,14
1.51E-17,1,1,41.176,0.035,0.001,0.293,13
2.48E-28,1,1,58.789,4.623,0.078,0.201,28
2.24E-12,1,1,26.664,0.537,0.015,0.336,10
4.93E-25,1,1,50.844,4.59,0.087,0.217,25
2.69E-13,1,1,31.579,0.455,0.009,0.374,8
2.78E-24,1,1,55.867,2.25,0.025,0.236,19
1.30E-19,1,1,45.595,1.822,0.019,0.29,14
1.29E-10,1,1,20.841,1.756,0.07,0.359,9
6.74E-26,1,1,60.557,4.166,0.065,0.253,18
1.71E-21,1,1,40.336,4.435,0.104,0.212,24
6.01E-22,1,1,48.208,3.452,0.066,0.25,18
4.55E-13,1,1,26.113,1.746,0.065,0.299,12
2.69E-11,1,1,22.081,1.857,0.067,0.335,10
1.03E-12,1,1,28.274,1.023,0.032,0.372,9
2.31E-09,1,1,20.685,0.25,0.008,0.448,6
6.35E-29,1,1,65.098,5.026,0.074,0.224,23
3.78E-12,1,1,28.43,0.764,0.019,0.454,7
1.00E-17,1,1,44.076,0.619,0.01,0.336,10
8.93E-22,1,1,54.175,2.24,0.038,0.313,12
2.00E-12,1,1,24.18,1.542,0.06,0.292,12
5.49E-13,1,1,25.658,1.991,0.077,0.29,12
1.31E-17,1,1,40.825,1.875,0.039,0.333,12
5.76E-14,1,1,31.193,1.363,0.041,0.34,10
1.33E-09,1,0,21.415,0.327,0.01,0.44,6
4.05E-20,1,1,44.963,1.191,0.014,0.246,17
1.11E-24,1,1,64.158,2.712,0.035,0.383,11
2.78E-09,1,1,20.092,0.693,0.031,0.422,6
1.15E-11,1,1,24.642,1.315,0.053,0.345,9
6.52E-13,1,1,28.69,0.203,0.005,0.327,10
6.23E-23,1,1,52.356,3.437,0.063,0.268,17
4.80E-18,1,1,38.49,3.121,0.071,0.291,15
1.52E-19,1,1,41.654,2.974,0.067,0.261,17
8.55E-14,1,1,27.465,1.867,0.067,0.284,13
1.58E-32,1,1,81.521,5.023,0.058,0.282,18
5.75E-13,1,1,26.006,0.308,0.008,0.289,13
3.50E-09,1,1,20.767,0.55,0.017,0.476,5
2.56E-12,1,1,23.022,2.53,0.103,0.303,12
8.56E-11,1,1,20.17,1.05,0.043,0.309,11
1.03E-18,1,1,44.933,1.245,0.021,0.326,12
3.76E-10,1,1,23.376,0.129,0.004,0.431,6
3.22E-14,1,1,28.147,0.432,0.013,0.259,15
5.79E-18,1,1,37.304,3.135,0.069,0.266,16
5.10E-15,1,1,33.798,0.096,0.002,0.304,12
5.09E-33,1,1,79.244,7.566,0.083,0.309,20
3.41E-22,1,1,52.393,2.678,0.041,0.301,15
1.54E-15,1,1,37.354,1.217,0.022,0.379,9
1.23E-20,1,1,48.209,2.714,0.054,0.3,14
1.01E-13,1,1,30.362,0.267,0.005,0.316,11
8.27E-16,1,1,39.964,0.212,0.005,0.379,8
5.81E-12,1,1,23.363,1.831,0.078,0.302,11
2.78E-19,1,1,39.901,2.932,0.072,0.246,18
2.17E-17,1,1,37.899,2.375,0.06,0.27,14
2.88E-11,1,1,23.687,0.866,0.026,0.364,9
6.53E-14,1,1,25.926,3.115,0.105,0.274,14
4.22E-16,1,1,35.239,1.557,0.033,0.307,13
1.16E-18,1,1,42,0.089,0.002,0.25,16
4.29E-20,1,1,43.505,2.916,0.063,0.253,17
1.25E-13,1,1,32.798,0.255,0.005,0.389,8
3.14E-29,1,1,72.475,3.939,0.04,0.338,17
7.93E-16,1,1,35.433,1.338,0.03,0.327,12
9.94E-16,1,0,30.784,2.126,0.066,0.264,16
1.22E-28,1,1,63.751,5.564,0.069,0.235,23
3.36E-27,1,1,59.177,4.169,0.065,0.239,24
3.58E-15,1,1,35.282,1.164,0.03,0.354,10
0,1,1,97.396,11.608,0.094,0.218,27
2.41E-21,1,1,39.375,2.683,0.045,0.2,26
1.49E-14,1,1,29.925,1.899,0.06,0.287,13
6.39E-21,1,1,50.734,0.713,0.013,0.279,14
3.06E-16,1,1,32.25,2.395,0.072,0.258,16
1.43E-37,1,1,88.173,5.678,0.052,0.207,28
1.02E-24,1,1,56.928,3.87,0.063,0.252,18
5.58E-27,1,1,59.26,4.368,0.067,0.224,23
4.29E-17,1,1,38.059,1.985,0.047,0.377,13
4.51E-13,1,1,26.497,1.288,0.045,0.298,12
2.04E-13,1,1,28.184,0.587,0.016,0.298,12
7.22E-18,1,1,42.792,1.651,0.022,0.339,11
8.26E-17,1,1,37.106,2.133,0.053,0.295,13
6.52E-15,1,1,33.193,1.554,0.035,0.348,11
2.16E-18,1,1,37.236,2.614,0.069,0.249,18
3.37E-17,1,1,39.404,2.006,0.048,0.31,12
5.78E-14,1,1,26.414,0.394,0.015,0.25,16
4.43E-11,1,1,20.95,1.23,0.053,0.314,11
1.44E-17,1,1,35.44,2.673,0.072,0.247,17
4.54E-34,1,1,86.997,4.505,0.041,0.258,18
9.40E-13,1,1,27.337,1.218,0.036,0.351,10
4.43E-24,1,1,58.191,3.167,0.051,0.28,15
1.86E-33,1,1,81.778,4.993,0.051,0.268,21
2.22E-21,1,1,47.573,3.099,0.049,0.259,17
8.41E-16,1,1,36.979,0.486,0.007,0.315,11
1.96E-14,1,1,28.85,0.414,0.012,0.273,15
3.35E-14,1,1,29.777,1.802,0.055,0.301,12
1.47E-15,1,1,36.644,1.066,0.022,0.339,10
1.30E-11,1,1,24.026,1.863,0.072,0.353,9
6.82E-30,1,1,70.956,5.154,0.058,0.264,20
1.52E-11,1,1,21.263,1.586,0.06,0.3,12
1.78E-14,1,1,30.217,3.548,0.084,0.328,11
8.72E-15,1,1,35.999,1.009,0.014,0.384,8
3.52E-14,1,1,27.064,2.778,0.095,0.279,14
1.95E-25,1,1,48.52,5.654,0.11,0.196,28
4.96E-27,1,1,64.559,3.732,0.053,0.288,18
3.32E-37,1,1,84.047,7.006,0.066,0.219,30
1.77E-37,1,1,98.425,5.262,0.045,0.312,17
5.47E-10,1,1,22.899,0.069,0.003,0.424,6
2.69E-12,1,1,24.344,1.955,0.051,0.334,11
5.05E-13,1,1,25.376,1.329,0.05,0.282,13
3.74E-12,1,0,24.499,1.196,0.042,0.308,11
5.31E-10,1,0,21.466,0.737,0.03,0.421,7
2.00E-16,1,1,31,2.383,0.069,0.246,18
2.84E-15,1,1,32.753,0.122,0.003,0.279,14
4.51E-26,1,1,58.189,4.333,0.069,0.238,21
2.87E-11,1,1,20.374,1.556,0.074,0.299,12
3.28E-15,1,1,33.513,0.073,0.001,0.293,13
5.56E-28,1,1,67.376,4.155,0.049,0.26,18
0,1,1,113.163,8.209,0.071,0.238,23
1.65E-15,1,1,37.006,1.547,0.032,0.369,9
8.76E-14,1,1,32.523,0.077,0.002,0.373,9
1.73E-13,1,1,28.817,1.215,0.038,0.334,11
3.47E-13,1,1,28.684,1.314,0.043,0.338,10
1.64E-13,1,1,31.559,0.207,0.006,0.349,9
1.63E-27,1,1,71.044,3.44,0.045,0.313,13
1.65E-14,1,1,29.701,1.993,0.058,0.294,13
1.91E-13,1,1,25.478,1.766,0.067,0.269,14
4.61E-11,1,1,20.908,1.222,0.054,0.307,11
7.10E-16,1,1,32.995,2.305,0.067,0.274,14
1.82E-11,1,1,22.092,0.233,0.007,0.303,12
1.27E-23,1,1,46.946,4.905,0.092,0.205,24
5.44E-13,1,1,27.105,1.311,0.039,0.344,11
2.16E-22,1,1,56.31,2.008,0.025,0.369,12
1.77E-12,1,1,22.498,0.374,0.01,0.268,15
1.58E-33,1,1,79.361,6.03,0.074,0.222,23
2.43E-14,1,1,29.726,0.098,0.003,0.279,14
1.24E-14,1,1,34.322,0.192,0.003,0.327,10
3.60E-26,1,1,64.046,3.204,0.043,0.289,16
1.36E-11,1,1,23.568,1.174,0.04,0.356,10
6.34E-13,1,0,27.744,1.436,0.051,0.327,10
4.43E-14,1,1,30.184,1.934,0.048,0.338,11
2.87E-24,1,1,58.927,3.023,0.042,0.278,15
2.58E-13,1,1,25.036,1.784,0.06,0.279,14
3.86E-16,1,1,31.442,2.984,0.089,0.269,16
2.78E-11,1,1,22.717,1.014,0.041,0.325,10
7.40E-11,1,1,23.341,0.786,0.025,0.375,8
3.07E-16,1,1,30.347,2.436,0.075,0.244,18
2.23E-12,1,1,23.741,1.895,0.073,0.295,12
2.86E-15,1,1,36.31,1.384,0.032,0.403,9
3.72E-14,1,1,28.984,0.282,0.007,0.277,14
8.97E-19,1,1,37.109,3.167,0.076,0.253,19
1.77E-14,1,1,30.628,1.878,0.049,0.3,12
1.23E-13,1,1,25.552,0.133,0.004,0.25,16
4.20E-21,1,1,47.626,3.038,0.06,0.276,16
9.58E-11,1,1,22.868,0.903,0.032,0.384,8
5.07E-21,1,1,49.898,2.17,0.03,0.307,14
3.15E-34,1,1,80.79,5.911,0.071,0.235,24
3.20E-11,1,1,22.848,0.605,0.024,0.323,10
1.03E-21,1,1,48.147,3.709,0.071,0.285,17
4.55E-36,1,1,89.761,5.678,0.054,0.282,21
7.97E-15,1,1,27.526,2.493,0.081,0.274,16
1.56E-15,1,1,36.24,1.439,0.037,0.352,10
4.98E-13,1,1,27.916,1.647,0.057,0.328,10
1.17E-17,1,1,37.311,1.824,0.041,0.286,16
1.98E-17,1,1,38.123,2.232,0.053,0.289,14
4.05E-29,1,1,67.599,5.027,0.071,0.242,21
6.52E-17,1,1,38.738,0.494,0.012,0.292,13
2.28E-37,1,1,96.728,5.826,0.056,0.269,18
1.67E-13,1,1,28.711,1.436,0.045,0.319,11
4.20E-28,1,1,59.211,4.338,0.065,0.204,27
3.63E-17,1,1,33.573,4.538,0.117,0.274,16
7.27E-23,1,1,51.711,2.816,0.045,0.249,18
1.86E-12,1,1,27.896,0.473,0.012,0.355,9
7.97E-14,1,1,33.214,0.559,0.014,0.377,8
6.69E-32,1,1,76.041,5.865,0.071,0.242,21
1.45E-14,1,1,30.684,2.135,0.055,0.322,12
3.67E-23,1,1,54.182,3.267,0.056,0.272,16
1.26E-14,1,1,32.763,0.918,0.025,0.339,11
2.58E-38,1,1,97.723,6.117,0.059,0.258,20
1.18E-19,1,1,44.956,2.801,0.046,0.286,14
1.22E-24,1,1,68.648,0.427,0.005,0.371,8
6.34E-11,1,1,22.043,1.501,0.065,0.368,9
7.89E-14,1,1,22.537,2.325,0.098,0.246,18
3.79E-23,1,1,52.357,3.138,0.056,0.268,18
2.71E-15,1,1,30.248,1.038,0.015,0.258,16
1.48E-19,1,1,43.758,1.539,0.018,0.275,16
4.12E-17,1,1,36.896,2.484,0.061,0.277,14
4.00E-17,1,1,34.215,2.388,0.058,0.256,17
9.86E-11,1,1,21.647,1.247,0.051,0.349,9
4.89E-18,1,1,34.394,3.57,0.103,0.232,19
4.71E-16,1,1,32.969,1.894,0.051,0.27,15
1.21E-29,1,1,64.29,5.467,0.074,0.223,26
2.32E-11,1,1,23.765,1.164,0.042,0.351,9
4.10E-26,1,1,64.616,3.431,0.051,0.293,15
6.76E-23,1,1,58.198,1.779,0.025,0.314,12
2.53E-21,1,1,45.405,3.21,0.062,0.259,19
3.04E-13,1,1,26.755,1.655,0.06,0.303,12
2.13E-13,1,1,25.409,1.669,0.061,0.268,14
9.82E-30,1,1,67.241,5.656,0.082,0.236,23
1.81E-23,1,1,47.05,4.096,0.086,0.218,24
4.31E-15,1,1,31.568,2.039,0.061,0.292,13
1.79E-24,1,1,62.343,0.71,0.01,0.279,14
3.41E-16,1,1,35.26,1.929,0.043,0.297,13
6.43E-11,1,1,22.231,1.259,0.056,0.355,9
1.22E-30,1,1,74.912,4.339,0.047,0.318,19
6.39E-32,1,1,70.556,6.989,0.099,0.205,26
2.75E-20,1,1,50.498,1.87,0.028,0.356,11
1.58E-11,1,1,21.401,1.341,0.063,0.294,12
1.22E-16,1,1,35.291,1.392,0.031,0.269,15
0,1,1,84.932,10.43,0.113,0.164,40
1.73E-20,1,1,44.726,2.996,0.064,0.261,17
8.43E-17,1,1,35.348,1.961,0.052,0.278,15
1.51E-12,1,1,24.455,1.698,0.067,0.294,12
1.78E-24,1,1,58.343,3.416,0.051,0.291,16
3.08E-10,1,1,20.079,1.18,0.048,0.355,9
0,1,1,94.886,6.792,0.055,0.282,24
6.46E-22,1,1,48.271,3.233,0.065,0.252,18
2.12E-15,1,1,34.727,0.495,0.012,0.305,12
2.28E-11,1,1,22.609,0.344,0.009,0.314,11
1.97E-12,1,0,24.23,1.491,0.053,0.308,12
0,1,1,98.259,7.94,0.076,0.217,28
1.12E-14,1,1,31.642,1.405,0.039,0.302,12
1.56E-10,1,1,22.084,1.015,0.033,0.386,8
3.12E-13,1,1,28.812,1.343,0.039,0.342,10
0,1,1,140.93,13.455,0.091,0.207,28
1.14E-11,1,1,23.902,1.099,0.041,0.332,10
1.38E-19,1,1,40.895,2.938,0.07,0.245,18
1.65E-11,1,1,25.37,0.852,0.028,0.411,8
4.12E-35,1,1,83.374,6.317,0.07,0.227,24
4.18E-28,1,1,68.931,3.803,0.046,0.313,17
2.32E-15,1,1,33.559,0.632,0.011,0.3,13
8.24E-28,1,1,68.462,3.244,0.028,0.272,17
4.40E-20,1,1,40.211,2.306,0.052,0.23,21
2.99E-11,1,1,21.059,1.779,0.078,0.319,11
5.17E-14,1,1,30.974,1.825,0.05,0.35,10
1.04E-15,1,1,35.789,1.595,0.04,0.326,11
1.35E-16,1,1,34.374,2.369,0.057,0.272,15
0,1,1,138.964,9.914,0.055,0.267,29
8.68E-31,1,1,73.192,4.848,0.06,0.246,21
1.61E-14,1,1,30.959,1.615,0.05,0.308,12
1.32E-20,1,1,46.288,2.649,0.052,0.289,16
1.29E-31,1,1,78.375,3.983,0.037,0.318,19
1.06E-19,1,1,38.377,1.86,0.044,0.223,22
0,1,1,110.021,6.214,0.042,0.31,23
2.95E-38,1,1,92.364,6.771,0.068,0.219,25
2.56E-15,1,1,29.086,1.437,0.029,0.245,17
2.48E-11,1,1,22.668,0.119,0.004,0.317,11
8.00E-35,1,1,85.253,5.072,0.046,0.259,22
4.42E-26,1,1,58.298,0.664,0.009,0.206,24
1.92E-15,1,1,31.615,1.108,0.017,0.269,15
2.07E-28,1,1,79.378,1.268,0.007,0.364,9
2.59E-29,1,1,64.021,5.642,0.082,0.213,25
8.18E-19,1,1,41.263,1.649,0.022,0.264,16
4.86E-12,1,1,25.053,1.189,0.042,0.326,10
2.00E-19,1,0,43.638,2.309,0.045,0.293,15
2.67E-15,1,1,36.479,0.21,0.003,0.329,10
2.55E-25,1,1,52.55,4.802,0.074,0.232,24
1.72E-13,1,1,30.44,1.535,0.05,0.343,9
1.30E-11,1,1,21.684,1.347,0.058,0.292,12
1.62E-18,1,1,43.649,2.092,0.044,0.309,12
2.23E-11,1,0,21.811,1.354,0.056,0.325,11
3.57E-13,1,1,32.181,0.319,0.007,0.411,7
4.24E-17,1,1,36.688,0.35,0.008,0.25,16
4.88E-16,1,1,32.593,2.299,0.054,0.282,15
0,1,1,141.856,12.485,0.086,0.208,31
3.10E-30,1,1,69.159,5.318,0.074,0.222,23
1.47E-22,1,1,47.251,3.64,0.076,0.227,21
2.85E-11,1,1,21.687,1.085,0.048,0.319,11
1.74E-11,1,1,27.454,0.502,0.015,0.415,6
3.31E-13,1,1,26.676,3.95,0.107,0.336,10
1.63E-17,1,1,39.026,1.45,0.03,0.286,14
5.66E-12,1,1,24.812,1.18,0.045,0.35,10
1.37E-11,1,1,21.538,0.265,0.007,0.293,13
1.40E-10,1,1,22.51,0.68,0.024,0.387,8
1.41E-10,1,1,22.07,0.084,0.002,0.352,9
3.00E-14,1,1,31.8,1.788,0.042,0.335,10
3.58E-20,1,1,41.132,2.727,0.045,0.225,20
1.77E-12,1,1,25.248,1.567,0.058,0.319,11
7.81E-13,1,1,29.474,1.177,0.034,0.387,8
4.28E-12,1,1,23.117,0.357,0.01,0.292,13
4.78E-19,1,1,42.027,1.643,0.038,0.254,16
1.29E-12,1,1,29.929,0.874,0.018,0.406,7
6.73E-11,1,1,20.427,1.144,0.052,0.311,11
1.29E-33,1,1,80.207,5.246,0.056,0.277,23
3.04E-24,1,1,62.298,2.114,0.024,0.352,12
1.14E-11,1,1,24.814,1.104,0.043,0.352,9
2.61E-16,1,1,31.952,1.89,0.044,0.256,17
1.48E-30,1,1,76.45,4.481,0.056,0.279,17
2.80E-10,1,1,21.989,0.107,0.003,0.381,8
5.46E-20,1,1,49.454,1.988,0.037,0.332,11
4.69E-24,1,1,51.376,4.621,0.087,0.23,21
9.64E-18,1,1,38.052,2.458,0.054,0.268,15
4.44E-20,1,1,48.85,1.895,0.03,0.362,12
7.75E-10,1,1,20.982,0.623,0.023,0.457,7
1.08E-22,1,1,47.875,5.799,0.094,0.248,19
1.39E-16,1,1,37.816,0.309,0.005,0.292,13
2.35E-11,1,1,23.653,0.14,0.003,0.33,10
3.09E-13,1,1,25.436,2.117,0.07,0.295,13
7.02E-12,1,1,23.538,0.109,0.003,0.305,12
2.07E-10,1,1,20.924,0.846,0.038,0.341,9
1.67E-14,1,1,25.335,2.778,0.096,0.245,17
2.42E-27,1,1,73.126,2.446,0.025,0.33,11
0,1,1,106.33,6.109,0.044,0.284,23
1.50E-16,1,1,37.262,2,0.05,0.33,12
2.69E-14,1,1,31.044,1.743,0.049,0.33,11
2.43E-11,1,1,21.849,1.167,0.053,0.313,11
3.11E-17,1,1,37.285,2.488,0.064,0.282,14
1.74E-10,1,1,21.324,0.657,0.026,0.345,9
3.36E-17,1,1,41.474,1.717,0.035,0.353,10
3.71E-13,1,1,27.667,1.325,0.043,0.316,11
5.66E-13,1,1,25.774,1.796,0.058,0.296,12
1.16E-17,1,1,42.251,0.317,0.006,0.304,12
3.28E-13,1,1,27.586,1.646,0.054,0.317,11
1.16E-18,1,1,40.972,2.558,0.062,0.27,15
6.07E-29,1,1,72.91,4.676,0.061,0.277,15
1.01E-12,1,1,27.061,1.471,0.049,0.326,10
1.16E-28,1,1,68.675,4.124,0.054,0.26,19
0,1,1,101.534,6.931,0.065,0.228,24
2.16E-11,1,1,21.139,1.114,0.05,0.299,12
0,1,1,111.639,7.406,0.057,0.276,22
3.58E-12,1,1,23.146,1.796,0.074,0.294,12
4.00E-25,1,1,64.08,2.354,0.024,0.324,13
1.94E-15,1,1,30.652,2.273,0.072,0.268,15
1.30E-10,1,1,21.151,0.232,0.008,0.327,10
1.24E-17,1,1,40.673,2.185,0.049,0.32,12
1.74E-13,1,1,28.731,1.336,0.044,0.318,11
1.16E-09,1,1,21.341,0.648,0.023,0.449,6
3.14E-11,1,1,22.479,2.237,0.095,0.342,9
3.57E-22,1,1,45.527,3.029,0.064,0.232,22
0,1,1,113.916,6.367,0.049,0.287,22
7.83E-15,1,1,32.142,0.247,0.006,0.293,13
7.14E-18,1,1,41.533,2.11,0.049,0.302,12
2.58E-11,1,0,22.686,1.181,0.049,0.325,10
7.60E-12,1,1,24.29,1.346,0.048,0.329,10
6.95E-21,1,1,44.831,3.335,0.06,0.25,18
1.51E-12,1,1,25.78,1.148,0.041,0.345,11
2.32E-17,1,1,36.204,0.866,0.012,0.251,17
2.92E-24,1,1,57.697,3.322,0.052,0.301,16
1.74E-13,1,1,29.571,1.441,0.047,0.331,10
1.64E-23,1,1,61.055,1.834,0.017,0.361,11
2.41E-33,1,1,81.649,5.922,0.068,0.247,20
2.27E-14,1,1,31.575,1.38,0.043,0.327,11
1.76E-18,1,1,42.211,2.59,0.06,0.291,13
9.97E-27,1,1,60.141,4.584,0.065,0.238,21
2.78E-17,1,1,39.058,1.625,0.034,0.295,13
3.99E-23,1,1,52.264,3.197,0.046,0.253,18
3.40E-34,1,1,75.495,6.573,0.084,0.2,29
3.84E-24,1,1,53.406,3.579,0.065,0.239,20
2.19E-24,1,1,63.826,1.984,0.013,0.343,11
1.98E-19,1,1,45.48,2.33,0.047,0.325,13
5.29E-15,1,1,31.463,1.808,0.056,0.287,13
6.08E-12,1,1,25.571,1.294,0.046,0.345,9
2.04E-12,1,1,25.282,1.272,0.043,0.322,11
3.88E-11,1,1,22.194,1.052,0.045,0.34,10
6.13E-16,1,1,32.703,1.736,0.044,0.288,15
8.80E-19,1,1,40.873,2.016,0.031,0.262,16
1.54E-19,1,1,37.9,0.605,0.015,0.216,23
5.43E-24,1,1,51.159,4.651,0.081,0.223,21
1.03E-14,1,1,29.17,0.015,0,0.25,16
1.28E-13,1,1,26.946,1.811,0.059,0.284,13
4.54E-13,1,1,26.378,0.257,0.005,0.293,13
1.91E-23,1,1,53.33,3.144,0.056,0.262,18
1.04E-11,1,1,25.923,1.01,0.035,0.389,8
9.54E-12,1,1,24.987,1.194,0.042,0.366,9
1.16E-26,1,1,63.969,0.614,0.006,0.237,20
2.14E-14,1,1,28.593,2.922,0.093,0.286,13
2.19E-10,1,1,21.04,0.608,0.018,0.343,9
1.92E-33,1,1,80.561,5.334,0.062,0.234,22
2.10E-26,1,1,66.722,3.127,0.036,0.318,14
1.66E-20,1,1,40.588,1.216,0.025,0.214,23
1.56E-16,1,1,35.565,1.759,0.044,0.286,14
6.37E-11,1,1,22.188,0.213,0.006,0.324,10
2.44E-27,1,1,56.212,6.177,0.094,0.211,26
4.60E-17,1,1,39.158,0.588,0.011,0.295,13
1.02E-14,1,1,28.994,0.253,0.008,0.25,16
1.37E-36,1,1,96.54,5.201,0.052,0.282,16
5.87E-28,1,1,65.067,4.6,0.062,0.257,20
6.15E-19,1,0,38.322,2.359,0.039,0.231,19
4.20E-25,1,1,60.466,3.312,0.053,0.291,16
2.16E-11,1,1,22.161,0.987,0.029,0.328,11
5.24E-17,1,1,36.305,2.8,0.07,0.277,14
2.57E-29,1,1,62.625,7.446,0.095,0.225,25
4.39E-20,1,1,44.581,2.656,0.05,0.292,16
1.08E-09,1,1,20.657,0.518,0.016,0.409,7
2.11E-13,1,1,27.394,1.492,0.051,0.314,12
3.96E-14,1,1,30.735,1.473,0.046,0.307,11
3.93E-14,1,1,31.827,1.205,0.03,0.376,10
5.54E-15,1,1,29.595,0.578,0.016,0.252,16
9.62E-12,1,1,22.461,2.047,0.079,0.318,11
5.36E-17,1,1,33.953,2.203,0.048,0.255,17
1.27E-19,1,1,41.526,2.274,0.045,0.256,18
4.23E-17,1,1,40.282,1.641,0.033,0.338,11
2.99E-13,1,1,29.114,1.042,0.028,0.342,10
8.50E-36,1,1,81.832,5.154,0.054,0.209,29
1.53E-18,1,1,42.805,2.078,0.042,0.302,13
2.70E-17,1,1,37.934,1.919,0.046,0.286,14
0,1,1,95.09,8.143,0.072,0.226,26
2.67E-12,1,1,26.107,0.927,0.026,0.334,10
4.68E-17,1,1,35.728,2.545,0.065,0.274,15
8.59E-20,1,1,45.364,2.848,0.058,0.286,14
1.93E-16,1,1,30.51,3.053,0.096,0.248,18
2.61E-30,1,1,62.473,7.005,0.102,0.193,29
6.29E-12,1,1,22.815,1.22,0.037,0.301,12
5.59E-34,1,1,83.848,8.118,0.07,0.309,18
5.21E-17,1,1,33.787,2.437,0.069,0.26,17
9.38E-17,1,1,34.06,2.228,0.057,0.266,16
1.58E-15,1,1,33.483,1.424,0.032,0.298,13
5.17E-13,1,1,29.58,0.631,0.019,0.362,9
1.29E-17,1,1,36.945,2.135,0.049,0.276,16
0,1,1,92.784,8.218,0.08,0.218,26
2.13E-12,1,1,27.061,0.135,0.003,0.332,10
1.26E-23,1,1,54.699,3.364,0.06,0.255,17
9.73E-13,1,0,26.148,1.49,0.048,0.333,11
3.13E-11,1,1,23.137,1.406,0.049,0.363,9
2.13E-13,1,1,28.338,0.309,0.009,0.305,12
9.29E-12,1,1,24.034,1.301,0.053,0.33,10
1.66E-12,1,1,25.915,0.865,0.02,0.314,11
4.07E-13,1,0,23.573,1.631,0.066,0.266,15
5.28E-23,1,1,55.155,2.54,0.033,0.297,15
2.03E-25,1,1,58.762,3.274,0.047,0.245,19
1.85E-29,1,1,66.396,6.824,0.089,0.228,22
1.13E-16,1,1,39.902,1.541,0.032,0.346,10
2.36E-18,1,1,35.14,2.755,0.069,0.231,20
3.77E-29,1,1,74.166,2.717,0.023,0.29,16
0,1,1,126.078,6.278,0.033,0.333,21
0,1,1,99.947,7.885,0.073,0.216,29
1.63E-25,1,0,55.152,4.689,0.085,0.226,22
9.54E-18,1,1,37.771,1.654,0.029,0.263,16
8.42E-16,1,1,30.056,2.174,0.069,0.25,17
2.20E-33,1,1,88.614,4.286,0.034,0.331,14
9.43E-19,1,1,38.227,1.676,0.041,0.24,19
6.98E-37,1,1,95.361,5.537,0.054,0.275,18
7.57E-27,1,0,62.928,3.915,0.055,0.245,19
1.09E-21,1,1,49.422,3.201,0.059,0.265,16
8.45E-30,1,1,66.134,6.109,0.075,0.269,24
4.54E-18,1,1,39.127,2.4,0.056,0.297,15
3.99E-16,1,1,36.313,0.309,0.008,0.294,13
8.21E-25,1,1,62.901,2.558,0.024,0.328,13
5.87E-13,1,1,25.262,2.36,0.08,0.303,12
6.14E-10,1,1,21.63,0.3,0.01,0.407,7
1.73E-38,1,1,102.099,6.045,0.034,0.291,16
2.40E-29,1,1,68.877,4.306,0.053,0.272,21
2.08E-22,1,1,50.831,3.203,0.058,0.268,17
5.20E-23,1,1,50.635,3.594,0.066,0.244,19
2.47E-19,1,1,45.852,1.523,0.013,0.297,13
6.79E-24,1,1,54.688,3.275,0.054,0.271,18
1.48E-15,1,1,31.373,1.84,0.053,0.283,15
6.83E-17,1,1,34.66,3.232,0.083,0.265,15
0,1,1,153.535,10.262,0.06,0.256,25
4.67E-21,1,1,45.401,3.337,0.056,0.247,18
5.98E-24,1,1,58.806,2.986,0.046,0.318,14
1.39E-15,1,1,30.786,1.541,0.037,0.261,16
3.49E-13,1,1,25.67,0.451,0.016,0.278,14
1.72E-10,1,1,21.985,0.975,0.04,0.373,8
6.44E-10,1,1,21.107,0.887,0.038,0.391,7
3.04E-34,1,1,80.23,5.464,0.057,0.257,25
1.22E-10,1,1,20.327,1.386,0.063,0.318,10
3.80E-17,1,1,34.052,1.513,0.036,0.244,18
4.97E-27,1,1,54.46,4.723,0.086,0.197,28
3.37E-19,1,1,47.873,1.807,0.024,0.41,10
8.27E-24,1,1,54.636,4.174,0.064,0.284,17
6.70E-28,1,1,64.087,4.419,0.064,0.246,21
6.32E-12,1,1,25.508,0.148,0.005,0.329,10
2.94E-24,1,1,52.141,4.463,0.079,0.25,21
2.90E-15,1,1,31.04,2.244,0.071,0.274,14
1.85E-18,1,1,41.458,2.269,0.051,0.286,14
2.90E-18,1,1,37.84,2.514,0.06,0.254,17
1.95E-11,1,1,22.403,0.866,0.032,0.323,11
3.66E-32,1,1,71.973,7.385,0.102,0.212,25
7.96E-29,1,1,58.534,5.807,0.097,0.203,29
1.46E-21,1,1,47.124,3.202,0.057,0.271,18
2.51E-18,1,1,40.245,2.066,0.045,0.287,15
1.19E-14,1,1,29.646,1.482,0.037,0.281,14
2.03E-12,1,1,25.173,1.429,0.052,0.311,11
1.14E-13,1,1,30.005,1.653,0.048,0.33,10
1.19E-12,1,1,26.03,1.311,0.047,0.31,11
1.53E-14,1,1,29.799,3.179,0.096,0.294,12
1.51E-19,1,1,42.724,2.832,0.064,0.257,16
6.23E-24,1,1,55.492,2.438,0.038,0.248,18
4.58E-21,1,1,48.715,2.694,0.037,0.287,15
9.90E-25,1,1,59.405,3.125,0.039,0.292,16
5.36E-19,1,1,41.4,2.222,0.036,0.273,16
3.52E-35,1,1,78.71,7.773,0.085,0.219,28
1.28E-12,1,1,25.008,1.292,0.041,0.308,12
1.32E-19,1,1,47.126,2.174,0.042,0.318,12
9.89E-15,1,1,32.803,0.165,0.002,0.307,12
0,1,1,100.151,8.064,0.073,0.232,27
4.73E-14,1,1,32.649,1.016,0.023,0.38,9
3.39E-11,1,1,22.609,0.793,0.02,0.337,10
2.72E-26,1,1,62.284,3.585,0.052,0.266,18
1.07E-16,1,1,33.566,3.826,0.079,0.275,15
1.49E-12,1,1,24.648,1.483,0.058,0.294,12
2.73E-18,1,1,44.113,0.57,0.009,0.303,12
2.07E-10,1,1,24.234,0.125,0.004,0.423,6
1.14E-29,1,1,69.792,4.529,0.06,0.243,21
0,1,1,107.166,6.289,0.047,0.244,24
3.61E-19,1,1,36.687,2.985,0.075,0.227,21
3.43E-11,1,1,23.826,0.379,0.012,0.366,9
1.08E-13,1,1,28.388,0.288,0.007,0.292,13
1.84E-12,1,1,25.322,1.406,0.052,0.316,11
4.86E-10,1,1,20.557,0.938,0.043,0.36,8
6.26E-21,1,1,48.861,0.779,0.016,0.251,16
1.33E-15,1,1,28.722,1.85,0.055,0.253,18
3.90E-26,1,1,56.66,4.146,0.071,0.232,23
2.32E-15,1,1,30.322,2.342,0.073,0.292,15
2.94E-12,1,1,24.682,1.355,0.045,0.336,11
2.06E-11,1,0,22.997,0.029,0.001,0.318,11
1.15E-31,1,1,68.22,7.703,0.096,0.22,27
1.56E-20,1,1,39.716,3.605,0.088,0.223,22
5.20E-33,1,1,73.22,5.699,0.07,0.228,28
7.50E-13,1,1,26.606,1.365,0.04,0.345,11
1.45E-16,1,1,40.514,1.463,0.029,0.377,9
6.26E-15,1,1,31.674,2.397,0.072,0.31,12
2.92E-18,1,1,41.767,2.256,0.051,0.284,13
9.11E-16,1,1,31.725,2.299,0.057,0.264,15
5.19E-12,1,1,22.124,0.112,0.004,0.267,14
2.49E-13,1,1,29.273,1.142,0.031,0.359,10
7.74E-28,1,1,60.732,4.862,0.078,0.225,24
1.93E-18,1,1,38.641,2.226,0.053,0.26,17
4.22E-11,1,1,20.298,2.13,0.091,0.311,11
0,1,1,110.154,10.244,0.08,0.217,31
1.92E-20,1,1,51.398,0.24,0.003,0.306,12
1.25E-31,1,1,61.475,10.215,0.142,0.185,32
2.70E-14,1,1,32.17,1.488,0.043,0.34,10
1.79E-25,1,1,55.071,3.322,0.048,0.3,23
8.65E-29,1,1,60.505,5.55,0.085,0.205,27
7.58E-18,1,1,35.563,2.487,0.056,0.252,18
1.25E-16,1,1,30,2.131,0.063,0.231,20
1.17E-28,1,1,65.426,5.888,0.07,0.248,21
2.97E-26,1,1,59.074,5.174,0.08,0.234,20
2.22E-18,1,1,42.03,2.406,0.053,0.293,13
1.71E-28,1,1,57.474,5.792,0.092,0.194,29
3.25E-19,1,1,41.366,3.133,0.066,0.289,16
1.15E-16,1,1,36.588,2.218,0.041,0.294,13
1.55E-17,1,1,38.671,1.972,0.045,0.293,14
4.37E-29,1,1,69.636,4.628,0.061,0.286,19
1.67E-10,1,1,20.038,1.171,0.056,0.325,10
2.19E-23,1,1,47.951,3.813,0.073,0.22,23
6.71E-20,1,1,40.863,3.079,0.068,0.25,19
2.78E-22,1,1,46.83,3.02,0.062,0.235,21
6.96E-26,1,1,60.271,3.27,0.043,0.258,19
2.37E-21,1,1,46.531,3.087,0.055,0.267,18
2.38E-17,1,1,37.279,2.994,0.062,0.283,14
1.10E-21,1,1,51.672,2.68,0.048,0.291,14
9.68E-27,1,1,57.57,4.328,0.069,0.221,24
1.29E-08,1,0,20.097,0.115,0.004,0.563,4
2.72E-20,1,1,43.281,2.832,0.053,0.256,18
6.87E-12,1,1,21.733,0.087,0.003,0.279,14
3.85E-13,1,1,23.621,0.516,0.02,0.253,16
1.56E-18,1,1,41.675,2.267,0.044,0.316,14
2.44E-31,1,1,68.145,6.436,0.087,0.209,27
2.45E-21,1,1,47.063,2.41,0.026,0.238,18
1.01E-34,1,1,89.788,4.783,0.047,0.311,17
8.66E-14,1,1,30.63,0.198,0.004,0.316,11
9.91E-22,1,1,45.813,3.224,0.056,0.239,20
3.37E-13,1,1,31.034,0.733,0.017,0.376,8
2.61E-13,1,1,26.782,1.906,0.067,0.295,12
3.68E-12,1,1,22.305,0.495,0.013,0.271,14
9.33E-15,1,1,28.682,1.946,0.058,0.275,15
1.16E-11,1,1,23.772,1.233,0.044,0.337,10
1.72E-24,1,1,53.902,4.415,0.078,0.229,20
1.07E-14,1,1,33.616,1.306,0.031,0.355,10
1.03E-15,1,1,32.629,3.275,0.082,0.294,13
2.24E-15,1,1,28.19,1.607,0.046,0.242,18
7.19E-22,1,1,55.279,0.045,0.001,0.293,13
1.34E-22,1,1,56.325,2.86,0.043,0.362,12
2.47E-12,1,1,22.939,1.565,0.052,0.287,13
1.97E-16,1,1,31.662,2.737,0.085,0.255,17
9.74E-13,1,1,27.188,1.377,0.047,0.323,10
5.88E-19,1,1,46.112,1.926,0.033,0.352,11
5.91E-35,1,1,88.602,4.919,0.046,0.277,19
2.44E-16,1,1,31.291,1.665,0.044,0.244,18
7.04E-32,1,1,80.365,5.005,0.058,0.276,17
1.25E-17,1,1,36.803,2.374,0.061,0.267,16
1.49E-21,1,1,50.98,1.811,0.023,0.302,15
8.66E-16,1,1,34.947,1.82,0.051,0.304,12
2.77E-27,1,1,63.713,4.711,0.071,0.257,19
1.68E-25,1,1,53.936,4.991,0.087,0.227,23
6.95E-32,1,1,86.242,3.404,0.026,0.365,12
1.64E-24,1,1,58.452,3.448,0.054,0.27,16
3.15E-12,1,1,23.812,0.025,0.001,0.293,13
2.20E-17,1,1,35.813,2.621,0.062,0.264,16
2.70E-11,1,1,26.119,0.229,0.007,0.407,7
7.16E-31,1,1,56,6.806,0.119,0.167,38
0,1,1,139.077,8.788,0.06,0.254,22
6.37E-19,1,1,35.295,3.735,0.088,0.228,21
4.77E-26,1,1,67.717,2.702,0.033,0.363,12
1.61E-17,1,1,38.151,2.576,0.066,0.277,14
6.29E-19,1,1,39.593,3.03,0.072,0.262,17
1.38E-15,1,1,34.449,1.603,0.043,0.315,12
1.15E-18,1,1,44.079,2.151,0.046,0.317,12
1.77E-34,1,1,77.863,7.131,0.089,0.205,27
5.06E-11,1,1,21.476,0.338,0.012,0.32,11
9.52E-33,1,1,80.694,5.829,0.063,0.268,19
3.33E-30,1,1,73.371,4.543,0.055,0.275,19
3.83E-20,1,1,42.527,3.163,0.069,0.257,18
0,1,1,117.816,7.637,0.059,0.262,22
1.64E-27,1,1,64.977,4.051,0.059,0.254,19
9.19E-16,1,1,35.488,1.011,0.021,0.323,12
1.83E-27,1,1,65.497,4.353,0.054,0.291,18
8.32E-17,1,1,35.338,1.988,0.053,0.284,15
9.72E-14,1,1,28.576,1.416,0.035,0.305,12
8.28E-09,1,1,20.89,0.006,0,0.5,4
4.04E-31,1,1,72.977,5.296,0.065,0.253,22
4.88E-24,1,1,62.205,1.436,0.011,0.311,12
6.97E-19,1,1,44.506,0.171,0.002,0.279,14
8.00E-12,1,1,25.275,1.172,0.044,0.346,9
6.49E-13,1,0,25.016,0.168,0.004,0.279,14
1.10E-13,1,1,29.252,1.495,0.049,0.316,11
5.69E-22,1,1,47.446,3.345,0.047,0.249,19
1.13E-12,1,1,29.823,0.116,0.003,0.364,8
2.20E-12,1,1,23.221,0.258,0.009,0.268,14
1.30E-16,1,1,33.572,2.259,0.064,0.26,16
8.60E-38,1,1,91.445,7.193,0.075,0.231,24
2.85E-26,1,1,65.957,3.587,0.053,0.289,14
1.06E-30,1,1,78.065,4.213,0.048,0.29,16
9.38E-13,1,1,25.236,1.566,0.059,0.294,12
9.61E-27,1,1,65.694,3.472,0.038,0.308,16
3.73E-13,1,1,29.56,0.098,0.002,0.33,10
0,1,1,116.345,9.901,0.07,0.22,29
0,1,1,167.584,9.433,0.042,0.361,26
6.69E-10,1,1,20.615,0.289,0.011,0.373,8
8.55E-22,1,1,51.145,3.789,0.054,0.319,14
4.02E-12,1,1,25.194,1.341,0.05,0.329,10
5.31E-15,1,1,27.127,2.57,0.09,0.245,17
1.24E-11,1,1,21.91,1.143,0.049,0.294,12
8.11E-28,1,1,67.917,3.96,0.054,0.268,17
0,1,1,94.512,8.596,0.082,0.209,28
8.10E-19,1,1,45.159,0.247,0.003,0.292,13
1.21E-15,1,1,37.331,1.701,0.032,0.368,9
4.91E-24,1,1,56.072,3.309,0.054,0.262,17
2.83E-35,1,1,77.583,8.432,0.106,0.194,29
1.14E-25,1,1,64.751,2.559,0.026,0.335,14
2.17E-11,1,1,22.975,1.102,0.04,0.347,10
2.20E-14,1,1,34.832,0.77,0.013,0.415,8
3.33E-18,1,1,40.144,0.544,0.011,0.251,16
5.28E-18,1,1,43.271,1.599,0.027,0.338,11
9.77E-14,1,1,30.571,1.191,0.03,0.354,10
3.98E-16,1,1,37.349,0.18,0.003,0.305,12
3.75E-24,1,1,57.157,3.582,0.054,0.288,16
2.11E-18,1,1,37.269,2.621,0.068,0.247,18
1.46E-11,1,1,22.11,1.738,0.078,0.312,11
1.43E-11,1,1,25.228,0.187,0.006,0.357,9
1.26E-16,1,1,37.659,0.681,0.014,0.289,13
5.62E-12,1,1,25.93,0.985,0.033,0.346,9
6.32E-14,1,1,26.603,3.501,0.099,0.293,13
9.07E-22,1,1,50.069,2.701,0.046,0.277,16
2.03E-11,1,1,24.294,0.758,0.02,0.348,9
5.84E-12,1,0,25.92,0.914,0.028,0.359,9
1.86E-14,1,1,31.582,1.725,0.051,0.33,11
2.78E-15,1,1,33.53,1.501,0.04,0.317,12
4.98E-28,1,1,65.067,4.857,0.065,0.285,20
4.87E-13,1,1,25.16,1.665,0.057,0.287,13
2.14E-19,1,1,35.834,3.817,0.097,0.222,22
3.48E-34,1,1,81.67,5.783,0.061,0.257,23
1.33E-35,1,1,93.904,4.339,0.04,0.35,16
4.10E-29,1,1,77.172,3.454,0.036,0.344,12
3.51E-28,1,1,64.903,4.565,0.065,0.237,21
2.68E-18,1,1,39.101,2.25,0.041,0.266,16
8.39E-18,1,1,41.993,0.056,0.001,0.292,13
2.32E-22,1,1,51.691,3.075,0.047,0.3,16
3.31E-29,1,1,70.964,4.691,0.063,0.249,18
4.30E-19,1,1,39.059,3.22,0.074,0.249,18
2.60E-12,1,1,26.332,0.698,0.022,0.33,10
2.84E-25,1,1,58.764,3.831,0.057,0.267,18
9.80E-37,1,1,92.822,5.782,0.056,0.262,20
1.20E-10,1,1,20.52,1.168,0.049,0.326,10
2.82E-18,1,1,44.653,1.011,0.016,0.311,11
5.23E-15,1,1,31.4,1.898,0.056,0.297,13
7.97E-11,1,1,20.092,1.271,0.061,0.303,11
0,1,1,140.075,8.775,0.056,0.253,24
2.28E-12,1,1,22.95,1.679,0.066,0.29,13
6.25E-19,1,1,41.776,2.629,0.058,0.287,15
3.55E-16,1,1,34.266,1.925,0.044,0.296,14
5.28E-17,1,0,28.471,2.042,0.067,0.222,23
3.08E-12,1,1,29.51,0.958,0.03,0.447,6
2.77E-17,1,1,32.546,2.775,0.078,0.249,19
1.06E-11,1,1,25.292,0.65,0.016,0.355,9
2.60E-12,1,1,21.127,2.56,0.093,0.284,14
1.63E-16,1,1,38.491,1.508,0.029,0.323,11
3.91E-24,1,1,58.17,3.426,0.056,0.277,15
4.67E-20,1,1,40.928,3.67,0.081,0.237,19
2.63E-15,1,1,30.498,1.935,0.061,0.264,15
1.67E-20,1,1,49.034,2.267,0.037,0.337,13
6.76E-12,1,1,22.573,0.242,0.009,0.278,13
0,1,1,107.975,5.367,0.043,0.314,18
4.05E-14,1,1,29.155,2.24,0.076,0.298,12
1.83E-21,1,1,53.032,2.312,0.027,0.38,12
7.28E-13,1,1,27.656,1.292,0.042,0.335,10
2.63E-20,1,1,51.609,1.742,0.019,0.356,10
4.04E-14,1,1,30.229,2.048,0.054,0.331,11
3.48E-11,1,1,26.56,0.321,0.007,0.465,6
8.74E-13,1,1,24.805,2.217,0.086,0.301,12
1.57E-13,1,1,28.688,0.417,0.011,0.302,12
1.89E-12,1,1,25.246,1.443,0.047,0.332,11
1.16E-12,1,1,26.903,1.413,0.049,0.332,10
1.05E-16,1,1,36.29,0.394,0.008,0.265,15
1.23E-22,1,1,53.101,2.474,0.037,0.265,16
2.31E-33,1,1,79.941,5.749,0.059,0.271,22
2.49E-12,1,1,25.057,1.168,0.041,0.345,11
5.95E-12,1,1,25.584,1.285,0.043,0.368,9
1.88E-21,1,1,50.678,2.959,0.047,0.31,14
1.52E-14,1,1,33.906,0.301,0.006,0.357,10
4.58E-15,1,1,31.333,2.216,0.061,0.302,13
2.11E-17,1,1,34.344,2.203,0.052,0.245,18
2.97E-17,1,1,33.422,2.741,0.071,0.251,18
1.44E-28,1,1,65.099,4.74,0.066,0.231,22
4.94E-16,1,1,38.766,0.349,0.007,0.328,10
1.07E-11,1,1,25.572,1.404,0.05,0.383,8
1.41E-11,1,1,23.576,1.106,0.042,0.353,10
1.97E-31,1,1,65.448,6.691,0.092,0.19,30
3.29E-19,1,1,47.088,1.688,0.028,0.38,11
2.67E-14,1,1,27.813,1.171,0.038,0.265,15
1.01E-13,1,1,27.533,1.478,0.051,0.293,13
1.27E-18,1,1,42.18,0.86,0.018,0.272,15
4.84E-18,1,0,43.157,1.903,0.037,0.336,11
1.04E-11,1,1,23.428,1.862,0.076,0.322,10
1.21E-10,1,1,20.706,0.913,0.04,0.326,10
7.80E-25,1,1,55.415,3.914,0.067,0.234,20
9.29E-13,1,1,26.267,1.452,0.052,0.309,11
3.15E-34,1,1,89.138,4.796,0.047,0.285,16
7.51E-26,1,1,57.319,4.511,0.077,0.24,21
6.94E-28,1,1,71.041,2.608,0.027,0.302,15
1.95E-16,1,1,36.002,1.988,0.05,0.298,13
2.03E-11,1,1,24.023,1.092,0.039,0.345,9
4.69E-11,1,1,23.051,1.961,0.08,0.362,8
8.08E-14,1,1,27.315,2.175,0.064,0.282,13
3.77E-21,1,1,47.637,3.216,0.062,0.278,16
4.26E-11,1,1,22.966,1.107,0.041,0.339,9
3.29E-17,1,1,34.554,2.307,0.063,0.251,17
2.64E-14,1,1,27.192,1.962,0.067,0.27,15
6.64E-14,1,1,29.011,0.375,0.007,0.293,13
2.48E-11,1,1,20.111,1.002,0.047,0.282,13
9.29E-30,1,1,68.904,4.805,0.063,0.259,22
3.37E-15,1,1,33.195,1.57,0.037,0.329,12
1.16E-11,1,1,22.698,1.429,0.059,0.31,11
3.17E-19,1,1,40.973,2.54,0.051,0.251,17
4.19E-24,1,1,53.73,4.191,0.066,0.261,19
1.17E-19,1,1,46.079,2.577,0.05,0.292,13
7.95E-15,1,1,29.339,2.582,0.077,0.282,14
9.93E-32,1,1,80.31,4.426,0.048,0.293,17
9.67E-18,1,1,38.944,0.148,0.003,0.25,16
3.38E-10,1,1,21.122,0.869,0.037,0.367,8
5.67E-28,1,1,67.806,4.763,0.065,0.263,17
1.28E-09,1,1,21.214,0.657,0.029,0.429,6
6.22E-38,1,1,95.659,8.397,0.046,0.279,19
1.43E-24,1,1,55.556,3.795,0.065,0.261,19
2.53E-12,1,1,24.899,0.223,0.005,0.304,12
1.83E-11,1,1,22.525,3.142,0.119,0.347,9
0,1,1,101.973,7.937,0.074,0.213,30
1.08E-25,1,1,66.445,0.56,0.007,0.279,14
1.50E-16,1,1,35.174,2.336,0.059,0.278,14
3.00E-16,1,1,40.495,1.328,0.027,0.405,8
1.18E-10,1,1,24.756,0.409,0.011,0.467,6
3.09E-22,1,1,47.947,3.794,0.073,0.246,19
4.00E-20,1,1,48.677,1.188,0.017,0.305,13
8.83E-13,1,1,28.588,0.875,0.026,0.394,9
4.21E-18,1,1,43.327,1.96,0.039,0.319,11
6.65E-13,1,1,24.977,1.298,0.048,0.312,13
2.59E-25,1,1,59.793,3.875,0.061,0.274,17
3.02E-17,1,1,38.535,2.133,0.052,0.293,13
3.03E-21,1,1,48.354,2.672,0.043,0.303,16
3.21E-24,1,1,52.588,3.75,0.068,0.239,21
3.12E-09,1,1,20.141,0.439,0.019,0.418,6
8.20E-35,1,1,78.936,7.151,0.08,0.217,27
1.31E-13,1,1,27.692,1.955,0.068,0.315,12
5.59E-14,1,1,28.533,1.24,0.038,0.319,13
7.25E-23,1,0,55.301,2.973,0.052,0.294,14
3.17E-12,1,1,27.543,1.038,0.032,0.432,8
2.92E-10,1,1,20.219,1.075,0.05,0.365,9
3.04E-28,1,1,66.571,3.814,0.042,0.301,20
7.58E-15,1,1,32.184,0.257,0.004,0.292,13
9.89E-13,1,1,29.064,0.139,0.003,0.351,9
4.19E-37,1,1,94.039,5.764,0.054,0.265,20
2.44E-10,1,1,20.657,0.863,0.035,0.359,9
3.02E-12,1,1,21.9,3.651,0.144,0.296,12
4.83E-15,1,1,29.662,3.051,0.097,0.287,14
2.25E-11,1,1,24.92,0.931,0.034,0.367,8
1.40E-09,1,0,20.465,0.318,0.014,0.387,7
3.97E-16,1,1,37.342,1.355,0.027,0.331,11
4.72E-13,1,1,28.089,0.373,0.007,0.316,11
0,1,1,133.098,8.743,0.053,0.286,26
4.23E-16,1,1,40.552,0.661,0.012,0.389,8
9.70E-21,1,1,54.217,0.245,0.002,0.33,10
3.84E-17,1,1,38.133,2.192,0.031,0.325,13
8.18E-27,1,1,67.813,3.361,0.039,0.373,14
4.11E-14,1,1,27.882,1.487,0.036,0.285,14
2.68E-12,1,1,21.178,0.135,0.005,0.25,16
1.67E-15,1,1,30.224,1.89,0.059,0.274,16
1.77E-16,1,1,40.117,0.466,0.007,0.338,10
4.46E-11,1,1,20.893,1.294,0.059,0.308,11
1.08E-14,1,1,28.408,2.026,0.069,0.271,15
1.69E-14,1,1,26.828,2.057,0.073,0.254,16
5.43E-14,1,1,31.078,1.626,0.049,0.333,10
1.20E-23,1,1,51.728,3.657,0.068,0.237,20
2.29E-17,1,1,37.007,2.214,0.055,0.271,15
1.16E-16,1,1,33.491,2.578,0.072,0.259,16
1.12E-15,1,1,29.791,2.006,0.055,0.253,17
6.39E-26,1,1,57.897,5.29,0.069,0.244,20
4.19E-18,1,1,38.896,2.88,0.072,0.266,15
1.23E-11,1,1,26.756,0.84,0.027,0.4,7
7.47E-13,1,1,26.728,0.092,0.002,0.305,12
1.02E-12,1,1,26.141,1.445,0.051,0.313,11
1.51E-13,1,1,30.659,1.454,0.028,0.381,9
6.37E-18,1,1,41.837,1.913,0.043,0.315,12
1.46E-16,1,1,35.9,0.299,0.008,0.264,15
3.80E-13,1,1,26.483,1.598,0.051,0.31,12
2.47E-10,1,1,20.685,0.82,0.033,0.353,9
2.24E-29,1,1,70.91,4.229,0.046,0.284,19
3.38E-16,1,1,35.636,0.298,0.005,0.279,14
1.79E-14,1,1,31.712,1.635,0.042,0.332,11
1.99E-35,1,1,84.849,5.718,0.061,0.246,24
1.81E-23,1,1,62.848,1.698,0.017,0.408,9
0,1,1,133.354,6.735,0.032,0.285,21
3.71E-12,1,1,29.863,0.226,0.006,0.42,6
4.45E-15,1,1,30.653,1.958,0.058,0.286,14
2.33E-36,1,1,85.924,7.037,0.06,0.259,25
2.13E-12,1,1,25.274,1.23,0.028,0.319,11
4.03E-17,1,1,37.896,2.435,0.059,0.288,13
1.52E-16,1,1,36.421,1.883,0.048,0.308,13
1.71E-20,1,1,45.848,2.77,0.058,0.274,16
1.31E-31,1,1,79.859,4.528,0.05,0.273,17
1.13E-12,1,1,26.112,1.278,0.046,0.322,11
4.55E-36,1,1,89.857,5.577,0.055,0.267,21
5.29E-38,1,1,90.081,7.431,0.079,0.219,26
1.40E-12,1,1,27.193,0.689,0.019,0.349,10
3.48E-24,1,1,56.359,3.549,0.056,0.276,17
7.53E-24,1,1,51.119,1.684,0.032,0.232,23
4.10E-17,1,1,39.129,1.992,0.047,0.317,12
1.66E-15,1,1,37.814,0.54,0.008,0.347,9
1.10E-13,1,1,29.775,0.833,0.016,0.334,11
2.42E-31,1,1,64.692,6.062,0.082,0.2,31
8.16E-26,1,1,55.049,4.888,0.081,0.221,23
6.49E-32,1,1,82.031,4.141,0.034,0.341,16
2.26E-32,1,1,81.384,4.601,0.054,0.246,18
1.60E-15,1,1,36.295,1.345,0.026,0.345,10
6.66E-24,1,1,49.721,3.711,0.073,0.217,23
9.18E-16,1,1,34.719,1.984,0.051,0.321,12
2.80E-16,1,1,35.379,2.122,0.052,0.3,13
3.59E-24,1,1,50.282,4.097,0.076,0.231,23
2.20E-15,1,1,32.94,1.527,0.037,0.288,13
1.47E-32,1,1,87.127,2.766,0.023,0.306,14
1.10E-18,1,1,37.996,2.87,0.069,0.248,18
1.07E-15,1,1,31.812,0.73,0.019,0.252,16
4.50E-12,1,1,24.215,1.214,0.04,0.316,11
7.56E-15,1,1,29.133,1.768,0.045,0.272,15
1.59E-17,1,1,34.047,3.071,0.088,0.241,18
6.64E-37,1,1,88.357,6.219,0.063,0.235,25
7.83E-12,1,1,23.439,1.171,0.044,0.334,11
7.15E-21,1,1,49.881,2.747,0.052,0.314,13
2.59E-21,1,1,52.538,1.208,0.016,0.309,13
3.11E-12,1,1,26.917,0.773,0.016,0.373,9
1.63E-32,1,1,76.542,5.351,0.063,0.256,23
1.73E-27,1,1,68.032,3.567,0.041,0.326,16
9.77E-13,1,1,25.25,2.641,0.089,0.31,11
9.08E-18,1,1,41.227,2.043,0.045,0.319,12
8.37E-20,1,1,44.726,2.503,0.05,0.29,15
4.24E-27,1,1,61.845,3.928,0.061,0.249,21
8.61E-35,1,1,88.193,4.775,0.05,0.262,19
3.71E-31,1,1,83.151,3.097,0.027,0.371,13
9.85E-13,1,1,22.455,1.457,0.054,0.274,15
6.60E-16,1,1,30.861,2.781,0.081,0.255,16
3.75E-36,1,1,94.4,4.86,0.048,0.309,17
1.13E-11,1,1,22.545,1.635,0.065,0.331,11
1.02E-09,1,1,20.638,0.599,0.02,0.432,7
1.49E-15,1,1,29.419,1.957,0.06,0.253,17
4.85E-20,1,1,44.957,2.036,0.028,0.272,16
3.07E-34,1,1,84.829,5.551,0.058,0.278,20
3.97E-27,1,1,55.573,4.905,0.085,0.205,27
2.81E-32,1,1,81.943,4.625,0.046,0.297,17
1.33E-22,1,1,52.661,2.809,0.045,0.316,16
1.20E-14,1,1,30.446,0.453,0.012,0.278,14
1.65E-20,1,1,40.987,3.077,0.071,0.231,21
1.27E-23,1,1,56.167,3.828,0.054,0.3,15
3.05E-13,1,1,29.01,1.143,0.026,0.343,10
6.32E-25,1,1,56.714,3.826,0.066,0.243,19
1.41E-17,1,1,40.127,1.478,0.028,0.308,13
1.59E-23,1,1,53.593,3.148,0.054,0.257,18
5.28E-22,1,1,52.718,2.645,0.044,0.317,14
6.92E-20,1,1,47.107,2.185,0.038,0.312,13
2.69E-33,1,1,83.452,4.562,0.048,0.282,19
4.99E-19,1,1,46.18,2.122,0.042,0.357,11
6.85E-22,1,1,47.223,3.291,0.066,0.235,19
5.36E-24,1,1,57.696,3.435,0.055,0.294,15
1.15E-11,1,1,23.731,1.315,0.051,0.326,10
9.04E-14,1,1,29.584,1.406,0.035,0.342,11
7.67E-17,1,1,33.638,1.934,0.052,0.262,17
1.54E-17,1,1,41.964,0.18,0.003,0.305,12
1.95E-16,1,1,38.429,0.09,0.002,0.306,12
8.96E-19,1,0,42.062,0.472,0.011,0.25,16
5.09E-36,1,1,82.597,8.73,0.088,0.223,26
1.07E-28,1,1,60.935,7.002,0.1,0.227,25
2.60E-13,1,1,23.739,4.529,0.18,0.289,13
3.49E-29,1,1,67.253,5.759,0.082,0.232,21
5.57E-21,1,0,49.751,2.215,0.028,0.29,14
9.06E-21,1,1,41.721,3.237,0.073,0.227,21
4.76E-15,1,1,30.807,0.496,0.015,0.259,15
3.24E-15,1,1,35.034,1.69,0.043,0.332,10
3.17E-27,1,1,60.59,4.888,0.075,0.233,22
9.22E-35,1,1,86.292,5.9,0.063,0.253,20
8.49E-28,1,1,62.426,4.928,0.068,0.238,22
3.20E-12,1,1,21.696,1.489,0.059,0.273,14
5.08E-27,1,1,64.603,4.876,0.057,0.275,17
6.52E-10,1,1,20.173,0.857,0.032,0.394,8
9.39E-22,1,1,52.307,2.184,0.02,0.29,14
2.51E-18,1,1,42.341,1.793,0.035,0.293,13
4.32E-10,1,1,22.89,0.497,0.018,0.426,6
3.13E-22,1,1,50.436,2.995,0.045,0.257,17
8.27E-18,1,1,40.638,1.796,0.038,0.298,13
2.26E-16,1,1,39.086,1.333,0.027,0.343,10
4.09E-27,1,1,63.404,4.415,0.063,0.25,19
1.56E-24,1,1,56.467,3.693,0.059,0.257,18
1.50E-12,1,1,24.798,0.113,0.004,0.293,13
1.58E-23,1,1,46.318,4.098,0.081,0.209,25
2.24E-13,1,1,28.093,1.689,0.058,0.313,11
5.62E-16,1,1,33.842,0.482,0.013,0.265,15
1.24E-10,1,1,22.937,0.394,0.014,0.364,8
8.07E-17,1,1,33.422,2.127,0.062,0.251,17
4.79E-11,1,1,24.744,0.966,0.036,0.381,7
1.20E-24,1,1,57.971,3.409,0.048,0.283,17
2.35E-36,1,1,84.675,7.465,0.08,0.217,26
7.39E-21,1,1,42.383,3.937,0.081,0.249,20
1.24E-10,1,1,21.268,0.175,0.004,0.328,10
4.94E-23,1,1,54.156,2.74,0.047,0.284,16
2.27E-13,1,1,25.252,1.738,0.064,0.277,14
8.42E-19,1,1,38.62,2.582,0.049,0.246,18
9.84E-10,1,1,20.63,0.723,0.029,0.399,7
8.47E-11,1,1,22.051,0.988,0.04,0.365,9
1.15E-18,1,1,35.08,4.115,0.108,0.234,20
5.87E-27,1,1,62.24,6.441,0.101,0.256,18
0,1,1,163.074,14.18,0.074,0.199,39
0,1,1,128.061,7.473,0.054,0.258,20
1.03E-23,1,1,58.308,2.677,0.039,0.295,14
1.59E-17,1,1,36.284,2.594,0.063,0.27,16
1.06E-17,1,1,38.341,1.876,0.041,0.294,15
1.80E-21,1,1,50.168,2.516,0.04,0.291,15
1.13E-18,1,1,41.82,2.708,0.061,0.28,14
2.50E-18,1,1,38.574,3.024,0.069,0.269,16
2.11E-24,1,1,53.088,3.865,0.069,0.242,21
0,1,1,108.505,6.388,0.053,0.264,21
0,1,1,123.083,8.741,0.062,0.251,28
2.96E-25,1,1,58.611,3.966,0.061,0.258,18
1.34E-14,1,1,32.209,1.517,0.043,0.337,11
2.94E-29,1,1,61.169,5.46,0.082,0.202,28
9.92E-23,1,1,53.725,3.203,0.051,0.306,15
8.48E-29,1,1,67.031,4.404,0.061,0.247,21
6.60E-27,1,1,63.143,3.838,0.053,0.278,19
6.61E-11,1,1,23,0.288,0.011,0.337,9
2.05E-15,1,1,29.331,2.676,0.089,0.253,16
6.76E-13,1,1,23.808,1.611,0.065,0.268,14
1.48E-12,1,1,26.79,1.123,0.029,0.34,10
6.72E-11,1,1,21.397,1.09,0.049,0.326,10
8.07E-10,1,1,21.049,0.529,0.021,0.414,7
1.60E-12,1,1,22.239,0.886,0.02,0.269,15
3.59E-19,1,1,43.816,2.222,0.045,0.295,14
1.05E-31,1,1,70.597,6.024,0.082,0.213,26
3.19E-10,1,1,20.249,0.923,0.043,0.339,9
2.02E-13,1,1,31.237,1.363,0.038,0.393,8
1.51E-13,1,1,27.927,0.273,0.007,0.292,13
3.85E-15,1,1,36.109,1.128,0.024,0.39,9
0,1,1,115.769,7.422,0.051,0.283,22
8.21E-13,1,1,27.373,0.272,0.005,0.324,11
1.94E-11,1,1,24.242,0.887,0.03,0.356,9
1.20E-22,1,1,57.924,2.29,0.035,0.311,11
1.35E-25,1,1,55.653,4.385,0.076,0.236,22
1.94E-22,1,1,49.135,3.099,0.057,0.261,19
1.65E-18,1,1,36.774,2.516,0.062,0.237,19
5.31E-18,1,1,44.079,1.721,0.031,0.364,10
2.09E-25,1,1,58.142,4.021,0.06,0.239,19
1.36E-12,1,1,24.775,1.488,0.056,0.295,12
9.35E-27,1,1,63.384,4.116,0.058,0.269,18
7.39E-16,1,1,32.595,3.926,0.101,0.283,13
2.16E-17,1,1,42.446,0.133,0.002,0.317,11
1.06E-13,1,1,25.327,0.676,0.025,0.253,16
7.37E-13,1,1,22.847,3.802,0.149,0.289,13
8.15E-12,1,1,26.438,0.82,0.026,0.379,8
3.87E-17,1,1,38.141,2.168,0.051,0.308,13
0,1,1,101.878,11.254,0.098,0.204,31
2.89E-18,1,1,43.996,1.736,0.036,0.354,11
2.35E-16,1,1,35.801,1.899,0.048,0.3,13
3.09E-17,1,1,35.627,2.235,0.054,0.271,16
5.02E-13,1,1,28.255,1.191,0.039,0.341,10
2.16E-25,1,1,54.396,2.759,0.043,0.219,24
4.11E-15,1,1,30.572,2.217,0.066,0.275,14
5.30E-29,1,1,62.577,4.973,0.071,0.222,26
7.16E-11,1,1,20.214,1.3,0.062,0.309,11
2.75E-18,1,1,40.028,2.218,0.035,0.272,15
2.10E-11,1,1,22.335,1.991,0.075,0.327,10
0,1,1,135.823,10.003,0.062,0.232,31
1.35E-10,1,1,20.433,1.036,0.048,0.343,10
8.80E-16,1,1,32.17,1.779,0.054,0.268,15
2.59E-25,1,1,59.139,3.491,0.054,0.282,18
7.87E-30,1,1,65.97,6.491,0.085,0.237,24
1.53E-17,1,1,39.223,0.14,0.002,0.265,15
3.63E-11,1,1,21.932,0.364,0.012,0.315,11
3.62E-16,1,1,32.33,1.992,0.053,0.267,16
3.30E-30,1,1,68.66,4.633,0.063,0.226,24
3.93E-10,1,1,22.237,0.333,0.013,0.406,7
1.32E-14,1,1,32.06,1.733,0.051,0.328,11
1.16E-19,1,1,43.331,2.535,0.05,0.264,16
9.31E-22,1,1,48.773,3.118,0.061,0.264,17
2.49E-35,1,1,83.382,6.023,0.069,0.22,25
1.14E-27,1,1,75.933,1.372,0.005,0.366,10
2.24E-20,1,1,42.669,2.8,0.043,0.24,19
3.35E-15,1,1,36.098,0.259,0.004,0.349,10
4.63E-10,1,1,21.123,0.309,0.009,0.373,8
1.30E-12,1,1,24.773,1.56,0.061,0.295,12
4.79E-36,1,1,84.218,6.743,0.074,0.223,26
1.74E-12,1,1,25.307,1.533,0.059,0.31,11
1.23E-14,1,1,32.002,0.771,0.01,0.32,12
0,1,1,117.036,7.684,0.055,0.242,27
1.49E-17,1,1,33.26,3,0.079,0.241,19
1.69E-13,1,1,26.902,0.198,0.005,0.279,14
8.23E-12,1,1,25.087,0.195,0.005,0.339,10
1.35E-15,1,1,32.433,1.845,0.053,0.289,14
2.91E-12,1,1,21.781,0.401,0.016,0.259,15
2.87E-12,1,1,23.724,1.464,0.058,0.297,12
8.72E-25,1,1,49.932,4.733,0.09,0.209,25
6.02E-16,1,1,33.889,1.485,0.016,0.286,14
5.74E-12,1,1,23.739,0.219,0.006,0.303,12
6.68E-26,1,1,63.908,3.447,0.046,0.3,15
7.09E-32,1,1,72.679,5.229,0.062,0.251,25
5.25E-21,1,1,51.202,0.466,0.004,0.285,14
1.85E-12,1,1,27.195,0.206,0.005,0.34,10
1.30E-25,1,1,58.65,4.224,0.064,0.247,19
2.23E-12,1,1,24.855,1.661,0.063,0.307,11
4.08E-30,1,1,78.003,4.214,0.05,0.313,14
1.61E-14,1,1,29.963,1.702,0.052,0.295,13
6.34E-34,1,1,88.562,4.17,0.031,0.352,16
8.18E-30,1,1,71.054,4.715,0.059,0.247,20
7.04E-14,1,1,31.315,0.855,0.015,0.346,10
8.01E-14,1,1,31.08,0.902,0.016,0.359,10
7.17E-14,1,1,25.81,1.925,0.068,0.264,15
0,1,1,113.103,7.225,0.052,0.268,24
1.92E-17,1,1,36.253,2.302,0.053,0.27,16
1.95E-18,1,1,39.001,2.94,0.07,0.259,16
8.31E-13,1,1,25.228,1.785,0.067,0.299,12
0,1,1,135.733,8.094,0.043,0.273,26
7.95E-13,1,1,24.098,3.274,0.111,0.308,12
9.25E-33,1,1,83.579,4.519,0.04,0.321,17
1.86E-14,1,1,28.183,0.193,0.006,0.25,16
6.78E-10,1,1,21.686,0.041,0.002,0.416,7
7.91E-17,1,1,37.117,2.211,0.056,0.285,13
2.41E-14,1,1,32.025,1.882,0.042,0.343,10
2.01E-13,1,1,31.758,0.713,0.016,0.395,8
7.09E-18,1,1,39.234,0.338,0.007,0.25,16
4.85E-11,1,1,21.592,2.571,0.105,0.347,9
6.19E-16,1,1,42.921,0.38,0.006,0.505,5
2.59E-12,1,1,27.664,1.309,0.031,0.395,8
1.64E-19,1,1,44.839,2.341,0.041,0.299,14
2.41E-13,1,1,28.516,1.019,0.029,0.323,11
5.17E-17,1,1,34.03,2.162,0.047,0.26,17
2.98E-17,1,1,35.195,2.844,0.074,0.267,16
7.77E-26,1,1,57.643,4.033,0.068,0.243,21
6.03E-23,1,1,56.757,2.646,0.044,0.297,13
1.95E-19,1,1,41.805,3.548,0.072,0.258,16
1.36E-17,1,1,34.466,2.813,0.072,0.259,18
1.23E-10,1,1,21.539,1.01,0.04,0.338,9
7.61E-14,1,1,32.446,0.445,0.01,0.363,9
2.22E-15,1,1,30.458,4.623,0.132,0.294,13
6.96E-19,1,1,45.012,1.902,0.028,0.303,12
1.02E-15,1,1,29.657,2.345,0.063,0.255,17
1.72E-29,1,1,66.625,5.429,0.074,0.235,23
1.45E-21,1,1,46.887,3.506,0.068,0.271,18
6.41E-23,1,1,50.645,3.183,0.054,0.261,19
1.96E-24,1,1,56.728,4.144,0.062,0.262,17
4.81E-23,1,1,60.168,1.029,0.013,0.348,11
4.21E-13,1,1,26.481,1.404,0.05,0.314,12
4.72E-12,1,1,24.273,1.046,0.038,0.321,11
2.44E-28,1,1,65.648,5.455,0.071,0.257,20
1.43E-10,1,1,21.184,1.171,0.053,0.341,9
1.13E-11,1,1,23.528,0.453,0.017,0.309,11
6.22E-29,1,1,72.65,3.733,0.048,0.293,16
4.89E-12,1,1,21.772,1.795,0.081,0.281,13
3.23E-11,1,1,23.301,1.161,0.046,0.346,9
4.25E-28,1,1,64.628,4.569,0.066,0.237,21
2.86E-22,1,1,40.418,2.791,0.061,0.198,28
1.66E-22,1,1,50.042,3.435,0.059,0.26,18
2.89E-11,1,1,22.853,0.771,0.021,0.336,10
1.17E-10,1,1,21.65,0.941,0.04,0.347,9
0,1,1,115.871,6.993,0.044,0.277,26
3.03E-18,1,1,38.796,2.382,0.05,0.285,16
1.81E-15,1,1,31.782,2.164,0.061,0.274,14
1.92E-12,1,1,27.15,0.208,0.004,0.329,10
0,1,1,107.558,8.263,0.062,0.244,31
1.16E-13,1,1,28.24,1.506,0.051,0.308,12
1.32E-15,1,1,35.223,1.865,0.05,0.33,11
3.78E-13,1,1,26.703,1.327,0.045,0.311,12
2.27E-29,1,1,65.538,5.136,0.065,0.223,24
9.76E-15,1,1,30.683,1.692,0.053,0.29,13
9.58E-29,1,1,70.864,4.047,0.044,0.289,17
1.64E-12,1,1,24.616,0.185,0.005,0.293,13
9.12E-22,1,1,52.654,2.947,0.047,0.313,13
1.16E-12,1,1,26.565,0.676,0.017,0.32,11
7.65E-31,1,1,75.388,4.645,0.05,0.271,19
9.29E-26,1,1,59.276,4.02,0.061,0.253,19
7.67E-13,1,1,28.53,1.271,0.035,0.348,9
9.59E-21,1,1,46.359,3.149,0.056,0.289,16
5.11E-13,1,1,26.961,1.636,0.057,0.317,11
6.38E-11,1,1,20.698,0.901,0.04,0.314,11
1.61E-17,1,1,38.485,2.144,0.053,0.285,14
3.18E-20,1,1,44.249,2.505,0.046,0.264,17
1.40E-23,1,1,53.197,3.884,0.068,0.257,18
1.76E-22,1,1,57.265,0.054,0.001,0.293,13
1.01E-09,1,1,20.942,0.291,0.009,0.402,7
4.52E-18,1,1,44.195,1.842,0.038,0.373,10
1.65E-24,1,1,61.967,2.492,0.036,0.317,13
4.19E-10,1,1,22.637,0.86,0.034,0.428,6
8.27E-19,1,1,42.869,1.928,0.042,0.289,14
7.44E-11,1,1,22.794,0.311,0.009,0.356,9
6.83E-21,1,1,45.204,2.834,0.055,0.284,18
1.58E-13,1,1,29.12,1.043,0.022,0.313,11
5.66E-27,1,1,61.465,5.117,0.064,0.248,20
9.30E-14,1,1,27.077,2.21,0.078,0.281,13
2.51E-10,1,1,21.169,0.193,0.006,0.348,9
6.20E-13,1,1,25.601,1.841,0.067,0.298,12
2.18E-18,1,1,38.137,2.633,0.062,0.265,17
7.21E-15,1,1,29.728,2.243,0.07,0.294,14
1.97E-12,1,1,23.385,0.233,0.008,0.278,14
2.42E-11,1,1,22.079,0.902,0.038,0.308,11
2.89E-21,1,1,47.839,2.271,0.027,0.271,17
2.19E-13,1,1,25.408,0.439,0.014,0.271,15
1.03E-12,1,1,27.438,0.939,0.029,0.345,10
0,1,1,158.233,16.388,0.081,0.215,41
4.09E-12,1,0,25.275,1.207,0.046,0.33,10
1.37E-27,1,1,70.023,3.869,0.046,0.315,14
3.61E-30,1,1,67.378,4.918,0.069,0.216,25
2.54E-19,1,1,42.257,2.471,0.052,0.271,16
1.04E-10,1,0,25.078,0.254,0.008,0.444,6
3.78E-14,1,1,30.364,1.991,0.057,0.331,11
3.76E-20,1,1,51.22,1.524,0.02,0.396,10
4.58E-13,1,1,25.355,1.524,0.057,0.286,13
2.97E-30,1,1,68.175,5.451,0.077,0.22,24
1.79E-20,1,1,45.05,2.517,0.045,0.271,17
9.63E-16,1,1,30.089,1.893,0.052,0.256,17
1.84E-25,1,1,60.228,3.95,0.062,0.268,17
1.01E-13,1,1,33.181,0.185,0.005,0.371,8
2.80E-22,1,1,53.402,2.947,0.05,0.299,14
1.36E-11,1,1,22.498,1.396,0.058,0.308,11
1.64E-11,1,1,20.967,1.832,0.07,0.293,12
1.31E-31,1,1,68.634,9.327,0.122,0.233,25
2.81E-12,1,1,24.715,1.417,0.054,0.317,11
1.22E-18,1,1,43.164,1.999,0.043,0.325,13
1.03E-10,1,1,20.899,0.94,0.04,0.342,10
9.44E-37,1,1,92.465,5.085,0.037,0.279,21
0,1,1,94.412,8.762,0.09,0.207,27
1.66E-10,1,0,20.182,0.982,0.042,0.342,10
9.01E-15,1,1,26.371,1.423,0.038,0.238,18
1.33E-18,1,1,41.953,2.231,0.051,0.293,14
2.87E-27,1,1,57.461,4.295,0.062,0.207,26
3.27E-29,1,1,64.693,5.557,0.084,0.216,24
9.45E-28,1,1,66.665,4.059,0.055,0.283,18
1.40E-13,1,1,29.828,1.512,0.049,0.327,10
1.43E-27,1,1,66.053,4.136,0.06,0.247,18
3.13E-21,1,1,47.234,4.072,0.074,0.28,16
1.46E-21,1,1,49.453,2.639,0.043,0.268,16
2.36E-16,1,1,37.885,1.581,0.037,0.338,11
5.73E-11,1,1,22.182,0.401,0.013,0.329,10
0,1,1,109.949,6.479,0.05,0.277,26
7.27E-12,1,1,21.891,2.1,0.094,0.294,12
8.17E-37,1,1,84.85,9.126,0.098,0.246,26
1.84E-13,1,1,29.022,0.877,0.019,0.318,11
5.04E-15,1,1,33.518,1.623,0.034,0.337,11
0,1,1,104.108,6.545,0.057,0.266,22
8.07E-16,1,1,33.168,1.858,0.051,0.276,14
2.05E-29,1,1,70.129,4.164,0.046,0.293,20
0,1,1,105.374,6.964,0.059,0.26,22
4.44E-17,1,1,38.556,0.246,0.005,0.278,14
4.13E-10,1,1,21.083,0.569,0.021,0.367,8
2.49E-20,1,1,44.21,2.985,0.062,0.265,17
5.20E-19,1,1,40.246,2.517,0.059,0.28,17
2.40E-30,1,1,70.619,5.099,0.065,0.239,22
2.70E-25,1,1,64.156,2.963,0.037,0.327,13
1.22E-22,1,1,50.714,3.111,0.052,0.272,18
1.18E-17,1,1,36.831,2.447,0.056,0.272,16
6.18E-11,1,1,22.338,1.211,0.053,0.347,9
4.57E-11,1,1,20.155,1.008,0.034,0.312,12
6.91E-12,1,1,22.618,1.287,0.052,0.299,12
2.78E-20,1,1,42.145,3.044,0.07,0.244,19
2.24E-11,1,1,23.04,0.98,0.04,0.334,10
0,1,1,107.963,6.452,0.053,0.257,20
1.07E-21,1,1,51.589,2.765,0.038,0.354,14
1.19E-18,1,1,39.177,2.405,0.057,0.266,17
2.59E-12,1,1,26.06,0.984,0.032,0.369,10
1.72E-18,1,1,39.397,2.671,0.047,0.269,16
1.80E-28,1,1,62.813,4.848,0.062,0.235,24
6.48E-28,1,1,69.28,3.811,0.053,0.278,16
4.76E-24,1,1,55.293,3.155,0.052,0.264,18
6.14E-11,1,1,22.673,0.812,0.034,0.344,9
1.20E-16,1,1,41.103,1.085,0.016,0.362,9
1.03E-13,1,1,30.239,1.529,0.048,0.342,10
6.18E-15,1,1,29.275,1.945,0.06,0.267,15
7.56E-12,1,1,24.544,1.038,0.041,0.325,10
1.06E-25,1,1,59.423,3.552,0.054,0.275,19
0,1,1,83.402,12.464,0.133,0.187,33
4.92E-20,1,1,47.083,2.856,0.059,0.29,13
1.45E-10,1,1,22.833,0.242,0.009,0.366,8
8.26E-17,1,1,40.196,1.727,0.039,0.345,10
5.31E-28,1,1,59.992,4.05,0.052,0.256,26
1.19E-24,1,1,59.065,3.219,0.045,0.289,16
5.25E-20,1,1,46.776,1.943,0.029,0.292,14
8.27E-18,1,1,37.327,2.448,0.056,0.274,16
3.16E-14,1,0,28.911,1.816,0.06,0.294,13
1.42E-30,1,1,72.8,4.427,0.045,0.272,21
1.61E-09,1,1,20.896,0.58,0.025,0.476,6
6.84E-19,1,1,41.799,2.442,0.049,0.287,15
8.65E-21,1,1,51.788,0,0,0.293,13
1.17E-11,1,1,28.331,0.091,0.003,0.43,6
3.58E-18,1,1,38.355,2.666,0.065,0.261,16
1.31E-13,1,1,26.863,1.861,0.063,0.286,13
8.72E-13,1,1,25.488,0.211,0.006,0.292,13
1.21E-10,1,1,20.277,2.606,0.108,0.339,9
9.34E-20,1,1,41.476,2.896,0.068,0.25,18
7.55E-15,1,1,36.246,0.942,0.016,0.389,8
8.86E-17,1,1,35.527,0.498,0.01,0.251,16
3.89E-14,1,1,27.048,0.304,0.011,0.25,16
2.80E-30,1,1,72.646,4.618,0.052,0.254,20
8.17E-12,1,1,22.975,1.7,0.065,0.315,11
2.55E-12,1,1,26.895,1.154,0.037,0.364,9
8.57E-23,1,1,48.526,2.982,0.056,0.241,21
4.96E-26,1,1,64.426,3.364,0.051,0.267,15
1.81E-15,1,1,35.992,0.355,0.006,0.317,11
4.10E-34,1,1,82.695,5.4,0.059,0.24,22
2.02E-18,1,1,44.528,1.727,0.034,0.338,11
4.21E-12,1,1,23.078,1.596,0.065,0.296,12
3.90E-25,1,1,60.652,3.235,0.04,0.282,16
3.34E-33,1,1,79.907,5.157,0.061,0.237,22
2.49E-22,1,1,58.828,0.956,0.01,0.357,10
0,1,1,102.669,6.517,0.059,0.255,20
8.59E-13,1,1,25.496,0.23,0.006,0.291,13
6.73E-11,1,1,23.207,1.138,0.048,0.356,8
9.30E-12,1,1,24.875,0.262,0.007,0.327,10
2.19E-19,1,1,41.372,2.676,0.058,0.261,17
0,1,1,118.249,6.78,0.045,0.317,22
1.73E-21,1,1,40.783,3.846,0.085,0.212,24
4.02E-17,1,1,37.417,1.849,0.029,0.302,14
1.18E-31,1,1,79.064,4.53,0.052,0.277,18
3.68E-19,1,1,39.837,3.699,0.09,0.249,17
7.03E-22,1,1,53.193,2.749,0.043,0.301,13
2.02E-12,1,1,25.315,1.233,0.044,0.33,11
4.63E-23,1,1,58.21,2.387,0.035,0.356,12
2.21E-16,1,1,31.306,4.169,0.12,0.258,16
4.90E-21,1,1,43.286,4.725,0.101,0.247,19
1.11E-35,1,1,78.283,10.449,0.103,0.215,28
1.11E-15,1,1,34.401,2.059,0.052,0.31,12
1.34E-24,1,1,57.654,3.624,0.06,0.274,17
1.35E-38,1,1,99.106,5.466,0.047,0.301,20
4.01E-13,1,1,26.028,2.061,0.068,0.316,12
1.14E-26,1,1,63.679,4.573,0.062,0.278,17
2.37E-21,1,1,45.053,3.788,0.077,0.248,19
7.50E-37,1,1,89.643,5.49,0.054,0.277,24
1.43E-15,1,1,35.456,1.42,0.031,0.34,11
3.02E-19,1,1,43.098,2.288,0.04,0.275,15
7.20E-35,1,1,84.82,5.841,0.065,0.239,22
8.73E-12,1,0,25.237,1.045,0.035,0.363,9
0,1,1,126.723,9.251,0.062,0.246,30
2.22E-20,1,1,50.181,2.638,0.041,0.371,11
7.58E-30,1,1,76.682,3.517,0.037,0.353,15
0,1,1,97.159,8.054,0.078,0.219,27
5.16E-23,1,1,60.042,2.235,0.028,0.373,10
2.28E-17,1,1,41.495,0.066,0.001,0.306,12
1.62E-10,1,1,21.327,0.77,0.031,0.348,9
2.50E-27,1,1,67.174,4.063,0.049,0.281,16
0,1,1,89.882,8.582,0.089,0.192,30
1.09E-11,1,1,22.215,0.981,0.043,0.295,12
3.33E-12,1,1,23.094,0.85,0.027,0.279,13
2.00E-11,1,1,25.043,0.942,0.033,0.395,8
3.28E-17,1,1,37.999,0.315,0.007,0.269,15
1.37E-12,1,1,26.832,1.189,0.033,0.347,10
2.35E-35,1,1,97.113,3.987,0.029,0.378,12
3.68E-23,1,1,50.057,3.769,0.073,0.232,20
3.62E-12,1,1,23.349,1.522,0.06,0.298,12
9.98E-15,1,1,29.171,1.234,0.024,0.269,15
1.40E-23,1,1,54.759,3.038,0.044,0.301,17
2.83E-18,1,1,35.827,0.379,0.007,0.228,21
1.13E-21,1,1,45.416,3.486,0.069,0.238,20
5.82E-16,1,1,33.654,0.648,0.013,0.274,15
9.72E-20,1,1,44.577,2.393,0.05,0.308,15
4.50E-15,1,1,31.583,1.945,0.053,0.294,13
3.10E-16,1,1,42.098,0.378,0.006,0.439,7
6.97E-11,1,1,21.201,1.261,0.055,0.333,10
4.48E-13,1,0,31.881,0.292,0.007,0.409,7
4.22E-11,1,1,24.926,0.937,0.029,0.403,7
1.16E-36,1,1,97.593,4.045,0.032,0.351,16
0,1,1,143.402,7.914,0.045,0.297,22
0,1,1,101.567,11.443,0.098,0.193,31
8.31E-14,1,1,25.024,1.479,0.043,0.264,16
0,1,1,139.553,12.892,0.084,0.197,33
2.41E-22,1,1,55.274,1.966,0.022,0.349,13
1.84E-11,1,1,24.405,0.749,0.023,0.373,9
2.19E-15,1,1,31.782,0.653,0.018,0.261,15
5.46E-12,1,1,23.941,1.193,0.041,0.33,11
7.39E-36,1,1,83.154,7.341,0.08,0.21,26
1.16E-18,1,1,45.6,0.218,0.003,0.306,12
9.15E-20,1,1,43.053,3.322,0.065,0.26,16
1.08E-29,1,1,74.143,3.792,0.04,0.299,17
1.11E-15,1,1,35.801,0.294,0.007,0.304,12
3.47E-13,1,1,26.428,0.673,0.021,0.291,13
9.12E-15,1,1,28.118,1.51,0.047,0.275,16
5.67E-17,1,1,37.578,2.224,0.035,0.303,13
1.52E-19,1,1,42.897,2.595,0.049,0.265,16
1.80E-24,1,1,61.634,2.736,0.037,0.333,13
8.76E-11,1,1,21.769,0.15,0.005,0.338,10
1.01E-15,1,0,32.495,2.307,0.067,0.277,14
1.44E-12,1,1,31.089,0.37,0.009,0.42,6
7.82E-18,1,1,38.689,3.205,0.068,0.281,14
8.43E-15,1,1,33.105,1.225,0.022,0.337,11
6.08E-11,1,1,22.467,1.078,0.046,0.348,9
1.10E-20,1,1,47.773,2.302,0.041,0.289,15
4.25E-16,1,1,34.414,1.427,0.036,0.281,14
2.23E-20,1,1,47.459,2.614,0.048,0.29,14
1.09E-35,1,1,87.639,5.549,0.05,0.319,22
3.51E-24,1,1,56.353,3.548,0.061,0.267,17
0,1,1,108.732,7.605,0.063,0.239,26
5.94E-17,1,1,38.642,1.952,0.049,0.308,12
1.24E-27,1,1,67.557,3.596,0.043,0.304,17
2.78E-16,1,1,36.78,0.375,0.006,0.292,13
3.89E-12,1,1,27.856,0.352,0.009,0.384,8
2.37E-11,1,1,23.037,0.87,0.027,0.349,10
1.60E-21,1,1,48.012,3.113,0.061,0.263,17
3.46E-16,1,1,32.47,3.071,0.082,0.274,15
0,1,1,131.965,8.007,0.054,0.306,22
